BioSample,LibraryName,refGenome,fq1,fq2,lat,long,Organism,Run,BioProject,SampleType
MVZCCGP_Mfo8-I_E01,MVZCCGP_Mfo8-I_E01_1,GCA_026170545.1,MVZCCGP_Mfo8-I_E01_R1.fastq.gz,MVZCCGP_Mfo8-I_E01_R2.fastq.gz,39.8027751,-122.0133804,41-Melanerpes,MVZCCGP_Mfo8-I_E01_1,41-Melanerpes,
MVZCCGP_Mfo8-I_E01,MVZCCGP_Mfo8-I_E01_3,GCA_026170545.1,MVZCCGP-Mfo8_S124_L004_R1_001.fastq.gz,MVZCCGP-Mfo8_S124_L004_R2_001.fastq.gz,39.8027751,-122.0133804,41-Melanerpes,MVZCCGP_Mfo8-I_E01_3,41-Melanerpes,
MVZCCGP_Mfo60-I_F06,MVZCCGP_Mfo60-I_F06_1,GCA_026170545.1,MVZCCGP_Mfo60-I_F06_R1.fastq.gz,MVZCCGP_Mfo60-I_F06_R2.fastq.gz,37.66026,-119.956254,41-Melanerpes,MVZCCGP_Mfo60-I_F06_1,41-Melanerpes,
MVZCCGP_Mfo60-I_F06,MVZCCGP_Mfo60-I_F06_3,GCA_026170545.1,MVZCCGP-Mfo60_S18_L004_R1_001.fastq.gz,MVZCCGP-Mfo60_S18_L004_R2_001.fastq.gz,37.66026,-119.956254,41-Melanerpes,MVZCCGP_Mfo60-I_F06_3,41-Melanerpes,
MVZCCGP_Mfo66-I_C07,MVZCCGP_Mfo66-I_C07_1,GCA_026170545.1,MVZCCGP_Mfo66-I_C07_R1.fastq.gz,MVZCCGP_Mfo66-I_C07_R2.fastq.gz,36.3697,-121.54437,41-Melanerpes,MVZCCGP_Mfo66-I_C07_1,41-Melanerpes,
MVZCCGP_Mfo66-I_C07,MVZCCGP_Mfo66-I_C07_3,GCA_026170545.1,MVZCCGP-Mfo66_S14_L004_R1_001.fastq.gz,MVZCCGP-Mfo66_S14_L004_R2_001.fastq.gz,36.3697,-121.54437,41-Melanerpes,MVZCCGP_Mfo66-I_C07_3,41-Melanerpes,
MVZCCGP_Mfo81-I_B09,MVZCCGP_Mfo81-I_B09_1,GCA_026170545.1,MVZCCGP_Mfo81-I_B09_R1.fastq.gz,MVZCCGP_Mfo81-I_B09_R2.fastq.gz,33.61322,-116.65932,41-Melanerpes,MVZCCGP_Mfo81-I_B09_1,41-Melanerpes,
MVZCCGP_Mfo81-I_B09,MVZCCGP_Mfo81-I_B09_3,GCA_026170545.1,MVZCCGP-Mfo81_S1_L004_R1_001.fastq.gz,MVZCCGP-Mfo81_S1_L004_R2_001.fastq.gz,33.61322,-116.65932,41-Melanerpes,MVZCCGP_Mfo81-I_B09_3,41-Melanerpes,
MVZCCGP_Mfo78-I_G08,MVZCCGP_Mfo78-I_G08_1,GCA_026170545.1,MVZCCGP_Mfo78-I_G08_R1.fastq.gz,MVZCCGP_Mfo78-I_G08_R2.fastq.gz,33.824082,-116.757408,41-Melanerpes,MVZCCGP_Mfo78-I_G08_1,41-Melanerpes,
MVZCCGP_Mfo78-I_G08,MVZCCGP_Mfo78-I_G08_3,GCA_026170545.1,MVZCCGP-Mfo78_S3_L004_R1_001.fastq.gz,MVZCCGP-Mfo78_S3_L004_R2_001.fastq.gz,33.824082,-116.757408,41-Melanerpes,MVZCCGP_Mfo78-I_G08_3,41-Melanerpes,
MVZCCGP_Mfo99-I_C11,MVZCCGP_Mfo99-I_C11_1,GCA_026170545.1,MVZCCGP_Mfo99-I_C11_R1.fastq.gz,MVZCCGP_Mfo99-I_C11_R2.fastq.gz,32.8395,-116.791,41-Melanerpes,MVZCCGP_Mfo99-I_C11_1,41-Melanerpes,
MVZCCGP_Mfo99-I_C11,MVZCCGP_Mfo99-I_C11_3,GCA_026170545.1,MVZCCGP-Mfo99_S59_L004_R1_001.fastq.gz,MVZCCGP-Mfo99_S59_L004_R2_001.fastq.gz,32.8395,-116.791,41-Melanerpes,MVZCCGP_Mfo99-I_C11_3,41-Melanerpes,
MVZCCGP_Mfo108-I_C12,MVZCCGP_Mfo108-I_C12_1,GCA_026170545.1,MVZCCGP_Mfo108-I_C12_R1.fastq.gz,MVZCCGP_Mfo108-I_C12_R2.fastq.gz,33.323,-116.7,41-Melanerpes,MVZCCGP_Mfo108-I_C12_1,41-Melanerpes,
MVZCCGP_Mfo108-I_C12,MVZCCGP_Mfo108-I_C12_3,GCA_026170545.1,MVZCCGP-Mfo108_S51_L004_R1_001.fastq.gz,MVZCCGP-Mfo108_S51_L004_R2_001.fastq.gz,33.323,-116.7,41-Melanerpes,MVZCCGP_Mfo108-I_C12_3,41-Melanerpes,
MVZCCGP_Mfo5-II_A01,MVZCCGP_Mfo5-II_A01_1,GCA_026170545.1,MVZCCGP_Mfo5-II_A01_R1.fastq.gz,MVZCCGP_Mfo5-II_A01_R2.fastq.gz,39.773,-121.615,41-Melanerpes,MVZCCGP_Mfo5-II_A01_1,41-Melanerpes,
MVZCCGP_Mfo123-II_C02,MVZCCGP_Mfo123-II_C02_1,GCA_026170545.1,MVZCCGP_Mfo123-II_C02_R1.fastq.gz,MVZCCGP_Mfo123-II_C02_R2.fastq.gz,40.580642,-122.364804,41-Melanerpes,MVZCCGP_Mfo123-II_C02_1,41-Melanerpes,
MVZCCGP_Mfo131-II_C03,MVZCCGP_Mfo131-II_C03_1,GCA_026170545.1,MVZCCGP_Mfo131-II_C03_R1.fastq.gz,MVZCCGP_Mfo131-II_C03_R2.fastq.gz,38.24925,-122.63573,41-Melanerpes,MVZCCGP_Mfo131-II_C03_1,41-Melanerpes,
MVZCCGP_Mfo164-II_A07,MVZCCGP_Mfo164-II_A07_1,GCA_026170545.1,MVZCCGP_Mfo164-II_A07_R1.fastq.gz,MVZCCGP_Mfo164-II_A07_R2.fastq.gz,41.265749,-121.505527,41-Melanerpes,MVZCCGP_Mfo164-II_A07_1,41-Melanerpes,
MVZCCGP_Mfo11-I_H01,MVZCCGP_Mfo11-I_H01_1,GCA_026170545.1,MVZCCGP_Mfo11-I_H01_R1.fastq.gz,MVZCCGP_Mfo11-I_H01_R2.fastq.gz,39.463295,-122.510975,41-Melanerpes,MVZCCGP_Mfo11-I_H01_1,41-Melanerpes,
MVZCCGP_Mfo11-I_H01,MVZCCGP_Mfo11-I_H01_3,GCA_026170545.1,MVZCCGP-Mfo11_S121_L004_R1_001.fastq.gz,MVZCCGP-Mfo11_S121_L004_R2_001.fastq.gz,39.463295,-122.510975,41-Melanerpes,MVZCCGP_Mfo11-I_H01_3,41-Melanerpes,
MVZCCGP_Mfo54-I_H05,MVZCCGP_Mfo54-I_H05_1,GCA_026170545.1,MVZCCGP_Mfo54-I_H05_R1.fastq.gz,MVZCCGP_Mfo54-I_H05_R2.fastq.gz,37.17769,-119.62943,41-Melanerpes,MVZCCGP_Mfo54-I_H05_1,41-Melanerpes,
MVZCCGP_Mfo54-I_H05,MVZCCGP_Mfo54-I_H05_3,GCA_026170545.1,MVZCCGP-Mfo54_S23_L004_R1_001.fastq.gz,MVZCCGP-Mfo54_S23_L004_R2_001.fastq.gz,37.17769,-119.62943,41-Melanerpes,MVZCCGP_Mfo54-I_H05_3,41-Melanerpes,
MVZCCGP_Mfo58-I_D06,MVZCCGP_Mfo58-I_D06_1,GCA_026170545.1,MVZCCGP_Mfo58-I_D06_R1.fastq.gz,MVZCCGP_Mfo58-I_D06_R2.fastq.gz,37.99714,-122.7588,41-Melanerpes,MVZCCGP_Mfo58-I_D06_1,41-Melanerpes,
MVZCCGP_Mfo58-I_D06,MVZCCGP_Mfo58-I_D06_3,GCA_026170545.1,MVZCCGP-Mfo58_S20_L004_R1_001.fastq.gz,MVZCCGP-Mfo58_S20_L004_R2_001.fastq.gz,37.99714,-122.7588,41-Melanerpes,MVZCCGP_Mfo58-I_D06_3,41-Melanerpes,
MVZCCGP_Mfo76-I_E08,MVZCCGP_Mfo76-I_E08_1,GCA_026170545.1,MVZCCGP_Mfo76-I_E08_R1.fastq.gz,MVZCCGP_Mfo76-I_E08_R2.fastq.gz,33.796237,-117.753331,41-Melanerpes,MVZCCGP_Mfo76-I_E08_1,41-Melanerpes,
MVZCCGP_Mfo76-I_E08,MVZCCGP_Mfo76-I_E08_3,GCA_026170545.1,MVZCCGP-Mfo76_S5_L004_R1_001.fastq.gz,MVZCCGP-Mfo76_S5_L004_R2_001.fastq.gz,33.796237,-117.753331,41-Melanerpes,MVZCCGP_Mfo76-I_E08_3,41-Melanerpes,
MVZCCGP_Mfo88-I_A10,MVZCCGP_Mfo88-I_A10_1,GCA_026170545.1,MVZCCGP_Mfo88-I_A10_R1.fastq.gz,MVZCCGP_Mfo88-I_A10_R2.fastq.gz,34.068171,-117.223108,41-Melanerpes,MVZCCGP_Mfo88-I_A10_1,41-Melanerpes,exclude
MVZCCGP_Mfo88-I_A10,MVZCCGP_Mfo88-I_A10_3,GCA_026170545.1,MVZCCGP-Mfo88_S76_L004_R1_001.fastq.gz,MVZCCGP-Mfo88_S76_L004_R2_001.fastq.gz,34.068171,-117.223108,41-Melanerpes,MVZCCGP_Mfo88-I_A10_3,41-Melanerpes,exclude
MVZCCGP_Mfo102-I_F11,MVZCCGP_Mfo102-I_F11_1,GCA_026170545.1,MVZCCGP_Mfo102-I_F11_R1.fastq.gz,MVZCCGP_Mfo102-I_F11_R2.fastq.gz,33.078,-116.603,41-Melanerpes,MVZCCGP_Mfo102-I_F11_1,41-Melanerpes,
MVZCCGP_Mfo102-I_F11,MVZCCGP_Mfo102-I_F11_3,GCA_026170545.1,MVZCCGP-Mfo102_S56_L004_R1_001.fastq.gz,MVZCCGP-Mfo102_S56_L004_R2_001.fastq.gz,33.078,-116.603,41-Melanerpes,MVZCCGP_Mfo102-I_F11_3,41-Melanerpes,
MVZCCGP_Mfo115-II_E01,MVZCCGP_Mfo115-II_E01_1,GCA_026170545.1,MVZCCGP_Mfo115-II_E01_R1.fastq.gz,MVZCCGP_Mfo115-II_E01_R2.fastq.gz,37.3816,-121.737,41-Melanerpes,MVZCCGP_Mfo115-II_E01_1,41-Melanerpes,
MVZCCGP_Mfo115-II_E01,MVZCCGP_Mfo115-II_E01_3,GCA_026170545.1,MVZCCGP-Mfo115_S43_L004_R1_001.fastq.gz,MVZCCGP-Mfo115_S43_L004_R2_001.fastq.gz,37.3816,-121.737,41-Melanerpes,MVZCCGP_Mfo115-II_E01_3,41-Melanerpes,
MVZCCGP_Mfo118-II_F01,MVZCCGP_Mfo118-II_F01_1,GCA_026170545.1,MVZCCGP_Mfo118-II_F01_R1.fastq.gz,MVZCCGP_Mfo118-II_F01_R2.fastq.gz,37.3816,-121.737,41-Melanerpes,MVZCCGP_Mfo118-II_F01_1,41-Melanerpes,
MVZCCGP_Mfo118-II_F01,MVZCCGP_Mfo118-II_F01_3,GCA_026170545.1,MVZCCGP-Mfo118_S116_L004_R1_001.fastq.gz,MVZCCGP-Mfo118_S116_L004_R2_001.fastq.gz,37.3816,-121.737,41-Melanerpes,MVZCCGP_Mfo118-II_F01_3,41-Melanerpes,
MVZCCGP_Mfo125-II_E02,MVZCCGP_Mfo125-II_E02_1,GCA_026170545.1,MVZCCGP_Mfo125-II_E02_R1.fastq.gz,MVZCCGP_Mfo125-II_E02_R2.fastq.gz,40.68468,-122.02545,41-Melanerpes,MVZCCGP_Mfo125-II_E02_1,41-Melanerpes,
MVZCCGP_Mfo125-II_E02,MVZCCGP_Mfo125-II_E02_3,GCA_026170545.1,MVZCCGP-Mfo125_S111_L004_R1_001.fastq.gz,MVZCCGP-Mfo125_S111_L004_R2_001.fastq.gz,40.68468,-122.02545,41-Melanerpes,MVZCCGP_Mfo125-II_E02_3,41-Melanerpes,
MVZCCGP_Mfo145-II_F04,MVZCCGP_Mfo145-II_F04_1,GCA_026170545.1,MVZCCGP_Mfo145-II_F04_R1.fastq.gz,MVZCCGP_Mfo145-II_F04_R2.fastq.gz,36.232,-118.805,41-Melanerpes,MVZCCGP_Mfo145-II_F04_1,41-Melanerpes,
MVZCCGP_Mfo145-II_F04,MVZCCGP_Mfo145-II_F04_3,GCA_026170545.1,MVZCCGP-Mfo145_S94_L004_R1_001.fastq.gz,MVZCCGP-Mfo145_S94_L004_R2_001.fastq.gz,36.232,-118.805,41-Melanerpes,MVZCCGP_Mfo145-II_F04_3,41-Melanerpes,
MVZCCGP_Mfo162-II_G06,MVZCCGP_Mfo162-II_G06_1,GCA_026170545.1,MVZCCGP_Mfo162-II_G06_R1.fastq.gz,MVZCCGP_Mfo162-II_G06_R2.fastq.gz,34.53349,-120.0611,41-Melanerpes,MVZCCGP_Mfo162-II_G06_1,41-Melanerpes,
MVZCCGP_Mfo162-II_G06,MVZCCGP_Mfo162-II_G06_3,GCA_026170545.1,MVZCCGP-Mfo162_S42_L004_R1_001.fastq.gz,MVZCCGP-Mfo162_S42_L004_R2_001.fastq.gz,34.53349,-120.0611,41-Melanerpes,MVZCCGP_Mfo162-II_G06_3,41-Melanerpes,
MVZCCGP_Mfo15-I_B02,MVZCCGP_Mfo15-I_B02_1,GCA_026170545.1,MVZCCGP_Mfo15-I_B02_R1.fastq.gz,MVZCCGP_Mfo15-I_B02_R2.fastq.gz,37.8234123,-122.0203743,41-Melanerpes,MVZCCGP_Mfo15-I_B02_1,41-Melanerpes,
MVZCCGP_Mfo15-I_B02,MVZCCGP_Mfo15-I_B02_3,GCA_026170545.1,MVZCCGP-Mfo15_S119_L004_R1_001.fastq.gz,MVZCCGP-Mfo15_S119_L004_R2_001.fastq.gz,37.8234123,-122.0203743,41-Melanerpes,MVZCCGP_Mfo15-I_B02_3,41-Melanerpes,
MVZCCGP_Mfo24-I_A03,MVZCCGP_Mfo24-I_A03_1,GCA_026170545.1,MVZCCGP_Mfo24-I_A03_R1.fastq.gz,MVZCCGP_Mfo24-I_A03_R2.fastq.gz,40.89479,-123.62283,41-Melanerpes,MVZCCGP_Mfo24-I_A03_1,41-Melanerpes,
MVZCCGP_Mfo24-I_A03,MVZCCGP_Mfo24-I_A03_3,GCA_026170545.1,MVZCCGP-Mfo24_S99_L004_R1_001.fastq.gz,MVZCCGP-Mfo24_S99_L004_R2_001.fastq.gz,40.89479,-123.62283,41-Melanerpes,MVZCCGP_Mfo24-I_A03_3,41-Melanerpes,
MVZCCGP_Mfo63-I_A07,MVZCCGP_Mfo63-I_A07_1,GCA_026170545.1,MVZCCGP_Mfo63-I_A07_R1.fastq.gz,MVZCCGP_Mfo63-I_A07_R2.fastq.gz,39.717,-123.262,41-Melanerpes,MVZCCGP_Mfo63-I_A07_1,41-Melanerpes,
MVZCCGP_Mfo63-I_A07,MVZCCGP_Mfo63-I_A07_3,GCA_026170545.1,MVZCCGP-Mfo63_S16_L004_R1_001.fastq.gz,MVZCCGP-Mfo63_S16_L004_R2_001.fastq.gz,39.717,-123.262,41-Melanerpes,MVZCCGP_Mfo63-I_A07_3,41-Melanerpes,
MVZCCGP_Mfo97-I_A11,MVZCCGP_Mfo97-I_A11_1,GCA_026170545.1,MVZCCGP_Mfo97-I_A11_R1.fastq.gz,MVZCCGP_Mfo97-I_A11_R2.fastq.gz,33.04,-116.59,41-Melanerpes,MVZCCGP_Mfo97-I_A11_1,41-Melanerpes,
MVZCCGP_Mfo97-I_A11,MVZCCGP_Mfo97-I_A11_3,GCA_026170545.1,MVZCCGP-Mfo97_S61_L004_R1_001.fastq.gz,MVZCCGP-Mfo97_S61_L004_R2_001.fastq.gz,33.04,-116.59,41-Melanerpes,MVZCCGP_Mfo97-I_A11_3,41-Melanerpes,
MVZCCGP_Mfo107-I_B12,MVZCCGP_Mfo107-I_B12_1,GCA_026170545.1,MVZCCGP_Mfo107-I_B12_R1.fastq.gz,MVZCCGP_Mfo107-I_B12_R2.fastq.gz,32.66406,-116.41405,41-Melanerpes,MVZCCGP_Mfo107-I_B12_1,41-Melanerpes,
MVZCCGP_Mfo107-I_B12,MVZCCGP_Mfo107-I_B12_3,GCA_026170545.1,MVZCCGP-Mfo107_S52_L004_R1_001.fastq.gz,MVZCCGP-Mfo107_S52_L004_R2_001.fastq.gz,32.66406,-116.41405,41-Melanerpes,MVZCCGP_Mfo107-I_B12_3,41-Melanerpes,
MVZCCGP_Mfo114-I_F12,MVZCCGP_Mfo114-I_F12_1,GCA_026170545.1,MVZCCGP_Mfo114-I_F12_R1.fastq.gz,MVZCCGP_Mfo114-I_F12_R2.fastq.gz,35.038992,-120.0201416,41-Melanerpes,MVZCCGP_Mfo114-I_F12_1,41-Melanerpes,
MVZCCGP_Mfo114-I_F12,MVZCCGP_Mfo114-I_F12_3,GCA_026170545.1,MVZCCGP-Mfo114_S48_L004_R1_001.fastq.gz,MVZCCGP-Mfo114_S48_L004_R2_001.fastq.gz,35.038992,-120.0201416,41-Melanerpes,MVZCCGP_Mfo114-I_F12_3,41-Melanerpes,
MVZCCGP_Mfo116-I_G12,MVZCCGP_Mfo116-I_G12_1,GCA_026170545.1,MVZCCGP_Mfo116-I_G12_R1.fastq.gz,MVZCCGP_Mfo116-I_G12_R2.fastq.gz,37.38311,-121.74264,41-Melanerpes,MVZCCGP_Mfo116-I_G12_1,41-Melanerpes,
MVZCCGP_Mfo116-I_G12,MVZCCGP_Mfo116-I_G12_3,GCA_026170545.1,MVZCCGP-Mfo116_S47_L004_R1_001.fastq.gz,MVZCCGP-Mfo116_S47_L004_R2_001.fastq.gz,37.38311,-121.74264,41-Melanerpes,MVZCCGP_Mfo116-I_G12_3,41-Melanerpes,
MVZCCGP_Mfo52-I_F05,MVZCCGP_Mfo52-I_F05_1,GCA_026170545.1,MVZCCGP_Mfo52-I_F05_R1.fastq.gz,MVZCCGP_Mfo52-I_F05_R2.fastq.gz,34.266794,-118.136,41-Melanerpes,MVZCCGP_Mfo52-I_F05_1,41-Melanerpes,
MVZCCGP_Mfo52-I_F05,MVZCCGP_Mfo52-I_F05_3,GCA_026170545.1,MVZCCGP-Mfo52_S25_L004_R1_001.fastq.gz,MVZCCGP-Mfo52_S25_L004_R2_001.fastq.gz,34.266794,-118.136,41-Melanerpes,MVZCCGP_Mfo52-I_F05_3,41-Melanerpes,
MVZCCGP_Mfo47-I_B05,MVZCCGP_Mfo47-I_B05_1,GCA_026170545.1,MVZCCGP_Mfo47-I_B05_R1.fastq.gz,MVZCCGP_Mfo47-I_B05_R2.fastq.gz,34.154225,-118.122838,41-Melanerpes,MVZCCGP_Mfo47-I_B05_1,41-Melanerpes,
MVZCCGP_Mfo47-I_B05,MVZCCGP_Mfo47-I_B05_3,GCA_026170545.1,MVZCCGP-Mfo47_S28_L004_R1_001.fastq.gz,MVZCCGP-Mfo47_S28_L004_R2_001.fastq.gz,34.154225,-118.122838,41-Melanerpes,MVZCCGP_Mfo47-I_B05_3,41-Melanerpes,
MVZCCGP_Mfo72-I_A08,MVZCCGP_Mfo72-I_A08_1,GCA_026170545.1,MVZCCGP_Mfo72-I_A08_R1.fastq.gz,MVZCCGP_Mfo72-I_A08_R2.fastq.gz,38.86763,-122.32325,41-Melanerpes,MVZCCGP_Mfo72-I_A08_1,41-Melanerpes,
MVZCCGP_Mfo72-I_A08,MVZCCGP_Mfo72-I_A08_3,GCA_026170545.1,MVZCCGP-Mfo72_S8_L004_R1_001.fastq.gz,MVZCCGP-Mfo72_S8_L004_R2_001.fastq.gz,38.86763,-122.32325,41-Melanerpes,MVZCCGP_Mfo72-I_A08_3,41-Melanerpes,
MVZCCGP_Mfo85-I_F09,MVZCCGP_Mfo85-I_F09_1,GCA_026170545.1,MVZCCGP_Mfo85-I_F09_R1.fastq.gz,MVZCCGP_Mfo85-I_F09_R2.fastq.gz,34.022,-116.893,41-Melanerpes,MVZCCGP_Mfo85-I_F09_1,41-Melanerpes,
MVZCCGP_Mfo85-I_F09,MVZCCGP_Mfo85-I_F09_3,GCA_026170545.1,MVZCCGP-Mfo85_S78_L004_R1_001.fastq.gz,MVZCCGP-Mfo85_S78_L004_R2_001.fastq.gz,34.022,-116.893,41-Melanerpes,MVZCCGP_Mfo85-I_F09_3,41-Melanerpes,
MVZCCGP_Mfo100-I_D11,MVZCCGP_Mfo100-I_D11_1,GCA_026170545.1,MVZCCGP_Mfo100-I_D11_R1.fastq.gz,MVZCCGP_Mfo100-I_D11_R2.fastq.gz,32.82,-116.83,41-Melanerpes,MVZCCGP_Mfo100-I_D11_1,41-Melanerpes,
MVZCCGP_Mfo100-I_D11,MVZCCGP_Mfo100-I_D11_3,GCA_026170545.1,MVZCCGP-Mfo100_S58_L004_R1_001.fastq.gz,MVZCCGP-Mfo100_S58_L004_R2_001.fastq.gz,32.82,-116.83,41-Melanerpes,MVZCCGP_Mfo100-I_D11_3,41-Melanerpes,
MVZCCGP_Mfo104-I_H11,MVZCCGP_Mfo104-I_H11_1,GCA_026170545.1,MVZCCGP_Mfo104-I_H11_R1.fastq.gz,MVZCCGP_Mfo104-I_H11_R2.fastq.gz,32.826,-116.516,41-Melanerpes,MVZCCGP_Mfo104-I_H11_1,41-Melanerpes,
MVZCCGP_Mfo104-I_H11,MVZCCGP_Mfo104-I_H11_3,GCA_026170545.1,MVZCCGP-Mfo104_S54_L004_R1_001.fastq.gz,MVZCCGP-Mfo104_S54_L004_R2_001.fastq.gz,32.826,-116.516,41-Melanerpes,MVZCCGP_Mfo104-I_H11_3,41-Melanerpes,
MVZCCGP_Mfo42-I_E04,MVZCCGP_Mfo42-I_E04_1,GCA_026170545.1,MVZCCGP_Mfo42-I_E04_R1.fastq.gz,MVZCCGP_Mfo42-I_E04_R2.fastq.gz,34.094,-118.601,41-Melanerpes,MVZCCGP_Mfo42-I_E04_1,41-Melanerpes,
MVZCCGP_Mfo42-I_E04,MVZCCGP_Mfo42-I_E04_3,GCA_026170545.1,MVZCCGP-Mfo42_S32_L004_R1_001.fastq.gz,MVZCCGP-Mfo42_S32_L004_R2_001.fastq.gz,34.094,-118.601,41-Melanerpes,MVZCCGP_Mfo42-I_E04_3,41-Melanerpes,
MVZCCGP_Mfo45-I_H04,MVZCCGP_Mfo45-I_H04_1,GCA_026170545.1,MVZCCGP_Mfo45-I_H04_R1.fastq.gz,MVZCCGP_Mfo45-I_H04_R2.fastq.gz,34.070987,-118.390737,41-Melanerpes,MVZCCGP_Mfo45-I_H04_1,41-Melanerpes,
MVZCCGP_Mfo45-I_H04,MVZCCGP_Mfo45-I_H04_3,GCA_026170545.1,MVZCCGP-Mfo45_S30_L004_R1_001.fastq.gz,MVZCCGP-Mfo45_S30_L004_R2_001.fastq.gz,34.070987,-118.390737,41-Melanerpes,MVZCCGP_Mfo45-I_H04_3,41-Melanerpes,
MVZCCGP_Mfo80-I_A09,MVZCCGP_Mfo80-I_A09_1,GCA_026170545.1,MVZCCGP_Mfo80-I_A09_R1.fastq.gz,MVZCCGP_Mfo80-I_A09_R2.fastq.gz,33.83939,-116.80539,41-Melanerpes,MVZCCGP_Mfo80-I_A09_1,41-Melanerpes,
MVZCCGP_Mfo95-I_G10,MVZCCGP_Mfo95-I_G10_1,GCA_026170545.1,MVZCCGP_Mfo95-I_G10_R1.fastq.gz,MVZCCGP_Mfo95-I_G10_R2.fastq.gz,32.8722744,-116.4183464,41-Melanerpes,MVZCCGP_Mfo95-I_G10_1,41-Melanerpes,
MVZCCGP_Mfo95-I_G10,MVZCCGP_Mfo95-I_G10_3,GCA_026170545.1,MVZCCGP-Mfo95_S63_L004_R1_001.fastq.gz,MVZCCGP-Mfo95_S63_L004_R2_001.fastq.gz,32.8722744,-116.4183464,41-Melanerpes,MVZCCGP_Mfo95-I_G10_3,41-Melanerpes,
MVZCCGP_Mfo146-II_G04,MVZCCGP_Mfo146-II_G04_1,GCA_026170545.1,MVZCCGP_Mfo146-II_G04_R1.fastq.gz,MVZCCGP_Mfo146-II_G04_R2.fastq.gz,34.171137,-118.758162,41-Melanerpes,MVZCCGP_Mfo146-II_G04_1,41-Melanerpes,
MVZCCGP_Mfo150-II_C05,MVZCCGP_Mfo150-II_C05_1,GCA_026170545.1,MVZCCGP_Mfo150-II_C05_R1.fastq.gz,MVZCCGP_Mfo150-II_C05_R2.fastq.gz,39.236839,-121.348229,41-Melanerpes,MVZCCGP_Mfo150-II_C05_1,41-Melanerpes,
MVZCCGP_Mfo150-II_C05,MVZCCGP_Mfo150-II_C05_3,GCA_026170545.1,MVZCCGP-Mfo150_S90_L004_R1_001.fastq.gz,MVZCCGP-Mfo150_S90_L004_R2_001.fastq.gz,39.236839,-121.348229,41-Melanerpes,MVZCCGP_Mfo150-II_C05_3,41-Melanerpes,
MVZCCGP_Mfo153-II_F05,MVZCCGP_Mfo153-II_F05_1,GCA_026170545.1,MVZCCGP_Mfo153-II_F05_R1.fastq.gz,MVZCCGP_Mfo153-II_F05_R2.fastq.gz,38.6695,-120.9358,41-Melanerpes,MVZCCGP_Mfo153-II_F05_1,41-Melanerpes,
MVZCCGP_Mfo167-II_D07,MVZCCGP_Mfo167-II_D07_1,GCA_026170545.1,MVZCCGP_Mfo167-II_D07_R1.fastq.gz,MVZCCGP_Mfo167-II_D07_R2.fastq.gz,40.84961,-122.42219,41-Melanerpes,MVZCCGP_Mfo167-II_D07_1,41-Melanerpes,
MVZCCGP_Mfo167-II_D07,MVZCCGP_Mfo167-II_D07_3,GCA_026170545.1,MVZCCGP-Mfo167_S39_L004_R1_001.fastq.gz,MVZCCGP-Mfo167_S39_L004_R2_001.fastq.gz,40.84961,-122.42219,41-Melanerpes,MVZCCGP_Mfo167-II_D07_3,41-Melanerpes,
MVZCCGP_Mfo19-I_D02,MVZCCGP_Mfo19-I_D02_1,GCA_026170545.1,MVZCCGP_Mfo19-I_D02_R1.fastq.gz,MVZCCGP_Mfo19-I_D02_R2.fastq.gz,36.9693,-119.248,41-Melanerpes,MVZCCGP_Mfo19-I_D02_1,41-Melanerpes,
MVZCCGP_Mfo19-I_D02,MVZCCGP_Mfo19-I_D02_3,GCA_026170545.1,MVZCCGP-Mfo19_S117_L004_R1_001.fastq.gz,MVZCCGP-Mfo19_S117_L004_R2_001.fastq.gz,36.9693,-119.248,41-Melanerpes,MVZCCGP_Mfo19-I_D02_3,41-Melanerpes,
MVZCCGP_Mfo98-I_B11,MVZCCGP_Mfo98-I_B11_1,GCA_026170545.1,MVZCCGP_Mfo98-I_B11_R1.fastq.gz,MVZCCGP_Mfo98-I_B11_R2.fastq.gz,32.93,-116.563,41-Melanerpes,MVZCCGP_Mfo98-I_B11_1,41-Melanerpes,
MVZCCGP_Mfo98-I_B11,MVZCCGP_Mfo98-I_B11_3,GCA_026170545.1,MVZCCGP-Mfo98_S60_L004_R1_001.fastq.gz,MVZCCGP-Mfo98_S60_L004_R2_001.fastq.gz,32.93,-116.563,41-Melanerpes,MVZCCGP_Mfo98-I_B11_3,41-Melanerpes,
MVZCCGP_Mfo101-I_E11,MVZCCGP_Mfo101-I_E11_1,GCA_026170545.1,MVZCCGP_Mfo101-I_E11_R1.fastq.gz,MVZCCGP_Mfo101-I_E11_R2.fastq.gz,33.04,-116.872,41-Melanerpes,MVZCCGP_Mfo101-I_E11_1,41-Melanerpes,
MVZCCGP_Mfo101-I_E11,MVZCCGP_Mfo101-I_E11_3,GCA_026170545.1,MVZCCGP-Mfo101_S57_L004_R1_001.fastq.gz,MVZCCGP-Mfo101_S57_L004_R2_001.fastq.gz,33.04,-116.872,41-Melanerpes,MVZCCGP_Mfo101-I_E11_3,41-Melanerpes,
MVZCCGP_Mfo112-II_D01,MVZCCGP_Mfo112-II_D01_1,GCA_026170545.1,MVZCCGP_Mfo112-II_D01_R1.fastq.gz,MVZCCGP_Mfo112-II_D01_R2.fastq.gz,35.54067,-121.07362,41-Melanerpes,MVZCCGP_Mfo112-II_D01_1,41-Melanerpes,
MVZCCGP_Mfo112-II_D01,MVZCCGP_Mfo112-II_D01_3,GCA_026170545.1,MVZCCGP-Mfo112_S44_L004_R1_001.fastq.gz,MVZCCGP-Mfo112_S44_L004_R2_001.fastq.gz,35.54067,-121.07362,41-Melanerpes,MVZCCGP_Mfo112-II_D01_3,41-Melanerpes,
MVZCCGP_Mfo120-II_H01,MVZCCGP_Mfo120-II_H01_1,GCA_026170545.1,MVZCCGP_Mfo120-II_H01_R1.fastq.gz,MVZCCGP_Mfo120-II_H01_R2.fastq.gz,39.52,-121.4404,41-Melanerpes,MVZCCGP_Mfo120-II_H01_1,41-Melanerpes,
MVZCCGP_Mfo120-II_H01,MVZCCGP_Mfo120-II_H01_3,GCA_026170545.1,MVZCCGP-Mfo120_S114_L004_R1_001.fastq.gz,MVZCCGP-Mfo120_S114_L004_R2_001.fastq.gz,39.52,-121.4404,41-Melanerpes,MVZCCGP_Mfo120-II_H01_3,41-Melanerpes,
MVZCCGP_Mfo128-II_H02,MVZCCGP_Mfo128-II_H02_1,GCA_026170545.1,MVZCCGP_Mfo128-II_H02_R1.fastq.gz,MVZCCGP_Mfo128-II_H02_R2.fastq.gz,41.78624,-122.66245,41-Melanerpes,MVZCCGP_Mfo128-II_H02_1,41-Melanerpes,
MVZCCGP_Mfo128-II_H02,MVZCCGP_Mfo128-II_H02_3,GCA_026170545.1,MVZCCGP-Mfo128_S108_L004_R1_001.fastq.gz,MVZCCGP-Mfo128_S108_L004_R2_001.fastq.gz,41.78624,-122.66245,41-Melanerpes,MVZCCGP_Mfo128-II_H02_3,41-Melanerpes,
MVZCCGP_Mfo130-II_B03,MVZCCGP_Mfo130-II_B03_1,GCA_026170545.1,MVZCCGP_Mfo130-II_B03_R1.fastq.gz,MVZCCGP_Mfo130-II_B03_R2.fastq.gz,41.78624,-122.66245,41-Melanerpes,MVZCCGP_Mfo130-II_B03_1,41-Melanerpes,
MVZCCGP_Mfo130-II_B03,MVZCCGP_Mfo130-II_B03_3,GCA_026170545.1,MVZCCGP-Mfo130_S106_L004_R1_001.fastq.gz,MVZCCGP-Mfo130_S106_L004_R2_001.fastq.gz,41.78624,-122.66245,41-Melanerpes,MVZCCGP_Mfo130-II_B03_3,41-Melanerpes,
MVZCCGP_Mfo142-II_E04,MVZCCGP_Mfo142-II_E04_1,GCA_026170545.1,MVZCCGP_Mfo142-II_E04_R1.fastq.gz,MVZCCGP_Mfo142-II_E04_R2.fastq.gz,40.60699,-122.89027,41-Melanerpes,MVZCCGP_Mfo142-II_E04_1,41-Melanerpes,
MVZCCGP_Mfo142-II_E04,MVZCCGP_Mfo142-II_E04_3,GCA_026170545.1,MVZCCGP-Mfo142_S95_L004_R1_001.fastq.gz,MVZCCGP-Mfo142_S95_L004_R2_001.fastq.gz,40.60699,-122.89027,41-Melanerpes,MVZCCGP_Mfo142-II_E04_3,41-Melanerpes,
MVZCCGP_Mfo160-II_E06,MVZCCGP_Mfo160-II_E06_1,GCA_026170545.1,MVZCCGP_Mfo160-II_E06_R1.fastq.gz,MVZCCGP_Mfo160-II_E06_R2.fastq.gz,35.27542,-120.40488,41-Melanerpes,MVZCCGP_Mfo160-II_E06_1,41-Melanerpes,
MVZCCGP_Mfo160-II_E06,MVZCCGP_Mfo160-II_E06_3,GCA_026170545.1,MVZCCGP-Mfo160_S83_L004_R1_001.fastq.gz,MVZCCGP-Mfo160_S83_L004_R2_001.fastq.gz,35.27542,-120.40488,41-Melanerpes,MVZCCGP_Mfo160-II_E06_3,41-Melanerpes,
MVZCCGP_Mfo23-I_H02,MVZCCGP_Mfo23-I_H02_1,GCA_026170545.1,MVZCCGP_Mfo23-I_H02_R1.fastq.gz,MVZCCGP_Mfo23-I_H02_R2.fastq.gz,39.5939271,-122.5361061,41-Melanerpes,MVZCCGP_Mfo23-I_H02_1,41-Melanerpes,
MVZCCGP_Mfo29-I_D03,MVZCCGP_Mfo29-I_D03_1,GCA_026170545.1,MVZCCGP_Mfo29-I_D03_R1.fastq.gz,MVZCCGP_Mfo29-I_D03_R2.fastq.gz,35.62461,-118.51372,41-Melanerpes,MVZCCGP_Mfo29-I_D03_1,41-Melanerpes,
MVZCCGP_Mfo29-I_D03,MVZCCGP_Mfo29-I_D03_3,GCA_026170545.1,MVZCCGP-Mfo29_S68_L004_R1_001.fastq.gz,MVZCCGP-Mfo29_S68_L004_R2_001.fastq.gz,35.62461,-118.51372,41-Melanerpes,MVZCCGP_Mfo29-I_D03_3,41-Melanerpes,
MVZCCGP_Mfo33-I_F03,MVZCCGP_Mfo33-I_F03_1,GCA_026170545.1,MVZCCGP_Mfo33-I_F03_R1.fastq.gz,MVZCCGP_Mfo33-I_F03_R2.fastq.gz,38.885592,-122.7821,41-Melanerpes,MVZCCGP_Mfo33-I_F03_1,41-Melanerpes,
MVZCCGP_Mfo33-I_F03,MVZCCGP_Mfo33-I_F03_3,GCA_026170545.1,MVZCCGP-Mfo33_S66_L004_R1_001.fastq.gz,MVZCCGP-Mfo33_S66_L004_R2_001.fastq.gz,38.885592,-122.7821,41-Melanerpes,MVZCCGP_Mfo33-I_F03_3,41-Melanerpes,
MVZCCGP_Mfo62-I_H06,MVZCCGP_Mfo62-I_H06_1,GCA_026170545.1,MVZCCGP_Mfo62-I_H06_R1.fastq.gz,MVZCCGP_Mfo62-I_H06_R2.fastq.gz,39.79735,-123.19583,41-Melanerpes,MVZCCGP_Mfo62-I_H06_1,41-Melanerpes,
MVZCCGP_Mfo86-I_G09,MVZCCGP_Mfo86-I_G09_1,GCA_026170545.1,MVZCCGP_Mfo86-I_G09_R1.fastq.gz,MVZCCGP_Mfo86-I_G09_R2.fastq.gz,34.1468,-116.982,41-Melanerpes,MVZCCGP_Mfo86-I_G09_1,41-Melanerpes,
MVZCCGP_Mfo86-I_G09,MVZCCGP_Mfo86-I_G09_3,GCA_026170545.1,MVZCCGP-Mfo86_S77_L004_R1_001.fastq.gz,MVZCCGP-Mfo86_S77_L004_R2_001.fastq.gz,34.1468,-116.982,41-Melanerpes,MVZCCGP_Mfo86-I_G09_3,41-Melanerpes,
MVZCCGP_Mfo87-I_H09,MVZCCGP_Mfo87-I_H09_1,GCA_026170545.1,MVZCCGP_Mfo87-I_H09_R1.fastq.gz,MVZCCGP_Mfo87-I_H09_R2.fastq.gz,34.1694,-116.901,41-Melanerpes,MVZCCGP_Mfo87-I_H09_1,41-Melanerpes,
MVZCCGP_Mfo109-I_D12,MVZCCGP_Mfo109-I_D12_1,GCA_026170545.1,MVZCCGP_Mfo109-I_D12_R1.fastq.gz,MVZCCGP_Mfo109-I_D12_R2.fastq.gz,33.204,-117.024,41-Melanerpes,MVZCCGP_Mfo109-I_D12_1,41-Melanerpes,
MVZCCGP_Mfo109-I_D12,MVZCCGP_Mfo109-I_D12_3,GCA_026170545.1,MVZCCGP-Mfo109_S50_L004_R1_001.fastq.gz,MVZCCGP-Mfo109_S50_L004_R2_001.fastq.gz,33.204,-117.024,41-Melanerpes,MVZCCGP_Mfo109-I_D12_3,41-Melanerpes,
MVZCCGP_Mfo16-II_B01,MVZCCGP_Mfo16-II_B01_1,GCA_026170545.1,MVZCCGP_Mfo16-II_B01_R1.fastq.gz,MVZCCGP_Mfo16-II_B01_R2.fastq.gz,37.92883,-122.16375,41-Melanerpes,MVZCCGP_Mfo16-II_B01_1,41-Melanerpes,
MVZCCGP_Mfo16-II_B01,MVZCCGP_Mfo16-II_B01_3,GCA_026170545.1,MVZCCGP-Mfo16_S45_L004_R1_001.fastq.gz,MVZCCGP-Mfo16_S45_L004_R2_001.fastq.gz,37.92883,-122.16375,41-Melanerpes,MVZCCGP_Mfo16-II_B01_3,41-Melanerpes,
MVZCCGP_Mfo122-II_B02,MVZCCGP_Mfo122-II_B02_1,GCA_026170545.1,MVZCCGP_Mfo122-II_B02_R1.fastq.gz,MVZCCGP_Mfo122-II_B02_R2.fastq.gz,40.558075,-122.238722,41-Melanerpes,MVZCCGP_Mfo122-II_B02_1,41-Melanerpes,
MVZCCGP_Mfo122-II_B02,MVZCCGP_Mfo122-II_B02_3,GCA_026170545.1,MVZCCGP-Mfo122_S113_L004_R1_001.fastq.gz,MVZCCGP-Mfo122_S113_L004_R2_001.fastq.gz,40.558075,-122.238722,41-Melanerpes,MVZCCGP_Mfo122-II_B02_3,41-Melanerpes,
MVZCCGP_Mfo151-II_D05,MVZCCGP_Mfo151-II_D05_1,GCA_026170545.1,MVZCCGP_Mfo151-II_D05_R1.fastq.gz,MVZCCGP_Mfo151-II_D05_R2.fastq.gz,38.832,-120.8569,41-Melanerpes,MVZCCGP_Mfo151-II_D05_1,41-Melanerpes,
MVZCCGP_Mfo151-II_D05,MVZCCGP_Mfo151-II_D05_3,GCA_026170545.1,MVZCCGP-Mfo151_S89_L004_R1_001.fastq.gz,MVZCCGP-Mfo151_S89_L004_R2_001.fastq.gz,38.832,-120.8569,41-Melanerpes,MVZCCGP_Mfo151-II_D05_3,41-Melanerpes,
MVZCCGP_Mfo7-I_D01,MVZCCGP_Mfo7-I_D01_1,GCA_026170545.1,MVZCCGP_Mfo7-I_D01_R1.fastq.gz,MVZCCGP_Mfo7-I_D01_R2.fastq.gz,39.8027751,-122.0133804,41-Melanerpes,MVZCCGP_Mfo7-I_D01_1,41-Melanerpes,
MVZCCGP_Mfo7-I_D01,MVZCCGP_Mfo7-I_D01_3,GCA_026170545.1,MVZCCGP-Mfo7_S125_L004_R1_001.fastq.gz,MVZCCGP-Mfo7_S125_L004_R2_001.fastq.gz,39.8027751,-122.0133804,41-Melanerpes,MVZCCGP_Mfo7-I_D01_3,41-Melanerpes,
MVZCCGP_Mfo37-I_H03,MVZCCGP_Mfo37-I_H03_1,GCA_026170545.1,MVZCCGP_Mfo37-I_H03_R1.fastq.gz,MVZCCGP_Mfo37-I_H03_R2.fastq.gz,34.202293,-118.168895,41-Melanerpes,MVZCCGP_Mfo37-I_H03_1,41-Melanerpes,
MVZCCGP_Mfo37-I_H03,MVZCCGP_Mfo37-I_H03_3,GCA_026170545.1,MVZCCGP-Mfo37_S64_L004_R1_001.fastq.gz,MVZCCGP-Mfo37_S64_L004_R2_001.fastq.gz,34.202293,-118.168895,41-Melanerpes,MVZCCGP_Mfo37-I_H03_3,41-Melanerpes,
MVZCCGP_Mfo39-I_B04,MVZCCGP_Mfo39-I_B04_1,GCA_026170545.1,MVZCCGP_Mfo39-I_B04_R1.fastq.gz,MVZCCGP_Mfo39-I_B04_R2.fastq.gz,34.146052,-118.10749,41-Melanerpes,MVZCCGP_Mfo39-I_B04_1,41-Melanerpes,
MVZCCGP_Mfo39-I_B04,MVZCCGP_Mfo39-I_B04_3,GCA_026170545.1,MVZCCGP-Mfo39_S35_L004_R1_001.fastq.gz,MVZCCGP-Mfo39_S35_L004_R2_001.fastq.gz,34.146052,-118.10749,41-Melanerpes,MVZCCGP_Mfo39-I_B04_3,41-Melanerpes,
MVZCCGP_Mfo68-I_E07,MVZCCGP_Mfo68-I_E07_1,GCA_026170545.1,MVZCCGP_Mfo68-I_E07_R1.fastq.gz,MVZCCGP_Mfo68-I_E07_R2.fastq.gz,36.6153108,-121.9306074,41-Melanerpes,MVZCCGP_Mfo68-I_E07_1,41-Melanerpes,
MVZCCGP_Mfo68-I_E07,MVZCCGP_Mfo68-I_E07_3,GCA_026170545.1,MVZCCGP-Mfo68_S12_L004_R1_001.fastq.gz,MVZCCGP-Mfo68_S12_L004_R2_001.fastq.gz,36.6153108,-121.9306074,41-Melanerpes,MVZCCGP_Mfo68-I_E07_3,41-Melanerpes,
MVZCCGP_Mfo70-I_G07,MVZCCGP_Mfo70-I_G07_1,GCA_026170545.1,MVZCCGP_Mfo70-I_G07_R1.fastq.gz,MVZCCGP_Mfo70-I_G07_R2.fastq.gz,36.391327,-121.59536,41-Melanerpes,MVZCCGP_Mfo70-I_G07_1,41-Melanerpes,
MVZCCGP_Mfo70-I_G07,MVZCCGP_Mfo70-I_G07_3,GCA_026170545.1,MVZCCGP-Mfo70_S10_L004_R1_001.fastq.gz,MVZCCGP-Mfo70_S10_L004_R2_001.fastq.gz,36.391327,-121.59536,41-Melanerpes,MVZCCGP_Mfo70-I_G07_3,41-Melanerpes,
MVZCCGP_Mfo77-I_F08,MVZCCGP_Mfo77-I_F08_1,GCA_026170545.1,MVZCCGP_Mfo77-I_F08_R1.fastq.gz,MVZCCGP_Mfo77-I_F08_R2.fastq.gz,33.824082,-116.757408,41-Melanerpes,MVZCCGP_Mfo77-I_F08_1,41-Melanerpes,
MVZCCGP_Mfo77-I_F08,MVZCCGP_Mfo77-I_F08_3,GCA_026170545.1,MVZCCGP-Mfo77_S4_L004_R1_001.fastq.gz,MVZCCGP-Mfo77_S4_L004_R2_001.fastq.gz,33.824082,-116.757408,41-Melanerpes,MVZCCGP_Mfo77-I_F08_3,41-Melanerpes,
MVZCCGP_Mfo134-II_E03,MVZCCGP_Mfo134-II_E03_1,GCA_026170545.1,MVZCCGP_Mfo134-II_E03_R1.fastq.gz,MVZCCGP_Mfo134-II_E03_R2.fastq.gz,38.33324167,-122.5796972,41-Melanerpes,MVZCCGP_Mfo134-II_E03_1,41-Melanerpes,
MVZCCGP_Mfo134-II_E03,MVZCCGP_Mfo134-II_E03_3,GCA_026170545.1,MVZCCGP-Mfo134_S104_L004_R1_001.fastq.gz,MVZCCGP-Mfo134_S104_L004_R2_001.fastq.gz,38.33324167,-122.5796972,41-Melanerpes,MVZCCGP_Mfo134-II_E03_3,41-Melanerpes,
MVZCCGP_Mfo140-II_C04,MVZCCGP_Mfo140-II_C04_1,GCA_026170545.1,MVZCCGP_Mfo140-II_C04_R1.fastq.gz,MVZCCGP_Mfo140-II_C04_R2.fastq.gz,40.29568,-122.177035,41-Melanerpes,MVZCCGP_Mfo140-II_C04_1,41-Melanerpes,
MVZCCGP_Mfo158-II_C06,MVZCCGP_Mfo158-II_C06_1,GCA_026170545.1,MVZCCGP_Mfo158-II_C06_R1.fastq.gz,MVZCCGP_Mfo158-II_C06_R2.fastq.gz,36.36119,-120.85934,41-Melanerpes,MVZCCGP_Mfo158-II_C06_1,41-Melanerpes,
MVZCCGP_Mfo6-I_C01,MVZCCGP_Mfo6-I_C01_1,GCA_026170545.1,MVZCCGP_Mfo6-I_C01_R1.fastq.gz,MVZCCGP_Mfo6-I_C01_R2.fastq.gz,40.456565,-121.86577,41-Melanerpes,MVZCCGP_Mfo6-I_C01_1,41-Melanerpes,
MVZCCGP_Mfo6-I_C01,MVZCCGP_Mfo6-I_C01_3,GCA_026170545.1,MVZCCGP-Mfo6_S126_L004_R1_001.fastq.gz,MVZCCGP-Mfo6_S126_L004_R2_001.fastq.gz,40.456565,-121.86577,41-Melanerpes,MVZCCGP_Mfo6-I_C01_3,41-Melanerpes,
MVZCCGP_Mfo21-I_F02,MVZCCGP_Mfo21-I_F02_1,GCA_026170545.1,MVZCCGP_Mfo21-I_F02_R1.fastq.gz,MVZCCGP_Mfo21-I_F02_R2.fastq.gz,36.768431,-119.033885,41-Melanerpes,MVZCCGP_Mfo21-I_F02_1,41-Melanerpes,
MVZCCGP_Mfo21-I_F02,MVZCCGP_Mfo21-I_F02_3,GCA_026170545.1,MVZCCGP-Mfo21_S101_L004_R1_001.fastq.gz,MVZCCGP-Mfo21_S101_L004_R2_001.fastq.gz,36.768431,-119.033885,41-Melanerpes,MVZCCGP_Mfo21-I_F02_3,41-Melanerpes,
MVZCCGP_Mfo27-I_B03,MVZCCGP_Mfo27-I_B03_1,GCA_026170545.1,MVZCCGP_Mfo27-I_B03_R1.fastq.gz,MVZCCGP_Mfo27-I_B03_R2.fastq.gz,34.845525,-118.832156,41-Melanerpes,MVZCCGP_Mfo27-I_B03_1,41-Melanerpes,
MVZCCGP_Mfo27-I_B03,MVZCCGP_Mfo27-I_B03_3,GCA_026170545.1,MVZCCGP-Mfo27_S70_L004_R1_001.fastq.gz,MVZCCGP-Mfo27_S70_L004_R2_001.fastq.gz,34.845525,-118.832156,41-Melanerpes,MVZCCGP_Mfo27-I_B03_3,41-Melanerpes,
MVZCCGP_Mfo36-I_G03,MVZCCGP_Mfo36-I_G03_1,GCA_026170545.1,MVZCCGP_Mfo36-I_G03_R1.fastq.gz,MVZCCGP_Mfo36-I_G03_R2.fastq.gz,34.126522,-117.850145,41-Melanerpes,MVZCCGP_Mfo36-I_G03_1,41-Melanerpes,
MVZCCGP_Mfo36-I_G03,MVZCCGP_Mfo36-I_G03_3,GCA_026170545.1,MVZCCGP-Mfo36_S65_L004_R1_001.fastq.gz,MVZCCGP-Mfo36_S65_L004_R2_001.fastq.gz,34.126522,-117.850145,41-Melanerpes,MVZCCGP_Mfo36-I_G03_3,41-Melanerpes,
MVZCCGP_Mfo57-I_C06,MVZCCGP_Mfo57-I_C06_1,GCA_026170545.1,MVZCCGP_Mfo57-I_C06_R1.fastq.gz,MVZCCGP_Mfo57-I_C06_R2.fastq.gz,38.081,-122.835,41-Melanerpes,MVZCCGP_Mfo57-I_C06_1,41-Melanerpes,
MVZCCGP_Mfo65-I_B07,MVZCCGP_Mfo65-I_B07_1,GCA_026170545.1,MVZCCGP_Mfo65-I_B07_R1.fastq.gz,MVZCCGP_Mfo65-I_B07_R2.fastq.gz,36.37907777,-121.5669772,41-Melanerpes,MVZCCGP_Mfo65-I_B07_1,41-Melanerpes,
MVZCCGP_Mfo65-I_B07,MVZCCGP_Mfo65-I_B07_3,GCA_026170545.1,MVZCCGP-Mfo65_S15_L004_R1_001.fastq.gz,MVZCCGP-Mfo65_S15_L004_R2_001.fastq.gz,36.37907777,-121.5669772,41-Melanerpes,MVZCCGP_Mfo65-I_B07_3,41-Melanerpes,
MVZCCGP_Mfo103-I_G11,MVZCCGP_Mfo103-I_G11_1,GCA_026170545.1,MVZCCGP_Mfo103-I_G11_R1.fastq.gz,MVZCCGP_Mfo103-I_G11_R2.fastq.gz,32.8722744,-116.41835,41-Melanerpes,MVZCCGP_Mfo103-I_G11_1,41-Melanerpes,
MVZCCGP_Mfo103-I_G11,MVZCCGP_Mfo103-I_G11_3,GCA_026170545.1,MVZCCGP-Mfo103_S55_L004_R1_001.fastq.gz,MVZCCGP-Mfo103_S55_L004_R2_001.fastq.gz,32.8722744,-116.41835,41-Melanerpes,MVZCCGP_Mfo103-I_G11_3,41-Melanerpes,
MVZCCGP_Mfo138-II_A04,MVZCCGP_Mfo138-II_A04_1,GCA_026170545.1,MVZCCGP_Mfo138-II_A04_R1.fastq.gz,MVZCCGP_Mfo138-II_A04_R2.fastq.gz,40.27658,-122.51036,41-Melanerpes,MVZCCGP_Mfo138-II_A04_1,41-Melanerpes,
MVZCCGP_Mfo138-II_A04,MVZCCGP_Mfo138-II_A04_3,GCA_026170545.1,MVZCCGP-Mfo138_S98_L004_R1_001.fastq.gz,MVZCCGP-Mfo138_S98_L004_R2_001.fastq.gz,40.27658,-122.51036,41-Melanerpes,MVZCCGP_Mfo138-II_A04_3,41-Melanerpes,
MVZCCGP_Mfo166-II_C07,MVZCCGP_Mfo166-II_C07_1,GCA_026170545.1,MVZCCGP_Mfo166-II_C07_R1.fastq.gz,MVZCCGP_Mfo166-II_C07_R2.fastq.gz,41.262543,-121.498412,41-Melanerpes,MVZCCGP_Mfo166-II_C07_1,41-Melanerpes,
MVZCCGP_Mfo166-II_C07,MVZCCGP_Mfo166-II_C07_3,GCA_026170545.1,MVZCCGP-Mfo166_S40_L004_R1_001.fastq.gz,MVZCCGP-Mfo166_S40_L004_R2_001.fastq.gz,41.262543,-121.498412,41-Melanerpes,MVZCCGP_Mfo166-II_C07_3,41-Melanerpes,
MVZCCGP_Mfo22-I_G02,MVZCCGP_Mfo22-I_G02_1,GCA_026170545.1,MVZCCGP_Mfo22-I_G02_R1.fastq.gz,MVZCCGP_Mfo22-I_G02_R2.fastq.gz,36.768431,-119.033885,41-Melanerpes,MVZCCGP_Mfo22-I_G02_1,41-Melanerpes,
MVZCCGP_Mfo22-I_G02,MVZCCGP_Mfo22-I_G02_3,GCA_026170545.1,MVZCCGP-Mfo22_S100_L004_R1_001.fastq.gz,MVZCCGP-Mfo22_S100_L004_R2_001.fastq.gz,36.768431,-119.033885,41-Melanerpes,MVZCCGP_Mfo22-I_G02_3,41-Melanerpes,
MVZCCGP_Mfo28-I_C03,MVZCCGP_Mfo28-I_C03_1,GCA_026170545.1,MVZCCGP_Mfo28-I_C03_R1.fastq.gz,MVZCCGP_Mfo28-I_C03_R2.fastq.gz,35.60024,-118.51832,41-Melanerpes,MVZCCGP_Mfo28-I_C03_1,41-Melanerpes,
MVZCCGP_Mfo28-I_C03,MVZCCGP_Mfo28-I_C03_3,GCA_026170545.1,MVZCCGP-Mfo28_S69_L004_R1_001.fastq.gz,MVZCCGP-Mfo28_S69_L004_R2_001.fastq.gz,35.60024,-118.51832,41-Melanerpes,MVZCCGP_Mfo28-I_C03_3,41-Melanerpes,
MVZCCGP_Mfo40-I_C04,MVZCCGP_Mfo40-I_C04_1,GCA_026170545.1,MVZCCGP_Mfo40-I_C04_R1.fastq.gz,MVZCCGP_Mfo40-I_C04_R2.fastq.gz,34.150831,-118.3305,41-Melanerpes,MVZCCGP_Mfo40-I_C04_1,41-Melanerpes,
MVZCCGP_Mfo40-I_C04,MVZCCGP_Mfo40-I_C04_3,GCA_026170545.1,MVZCCGP-Mfo40_S34_L004_R1_001.fastq.gz,MVZCCGP-Mfo40_S34_L004_R2_001.fastq.gz,34.150831,-118.3305,41-Melanerpes,MVZCCGP_Mfo40-I_C04_3,41-Melanerpes,
MVZCCGP_Mfo41-I_D04,MVZCCGP_Mfo41-I_D04_1,GCA_026170545.1,MVZCCGP_Mfo41-I_D04_R1.fastq.gz,MVZCCGP_Mfo41-I_D04_R2.fastq.gz,34.186111,-118.146944,41-Melanerpes,MVZCCGP_Mfo41-I_D04_1,41-Melanerpes,
MVZCCGP_Mfo41-I_D04,MVZCCGP_Mfo41-I_D04_3,GCA_026170545.1,MVZCCGP-Mfo41_S33_L004_R1_001.fastq.gz,MVZCCGP-Mfo41_S33_L004_R2_001.fastq.gz,34.186111,-118.146944,41-Melanerpes,MVZCCGP_Mfo41-I_D04_3,41-Melanerpes,
MVZCCGP_Mfo67-I_D07,MVZCCGP_Mfo67-I_D07_1,GCA_026170545.1,MVZCCGP_Mfo67-I_D07_R1.fastq.gz,MVZCCGP_Mfo67-I_D07_R2.fastq.gz,36.37851365,-121.5568207,41-Melanerpes,MVZCCGP_Mfo67-I_D07_1,41-Melanerpes,
MVZCCGP_Mfo67-I_D07,MVZCCGP_Mfo67-I_D07_3,GCA_026170545.1,MVZCCGP-Mfo67_S13_L004_R1_001.fastq.gz,MVZCCGP-Mfo67_S13_L004_R2_001.fastq.gz,36.37851365,-121.5568207,41-Melanerpes,MVZCCGP_Mfo67-I_D07_3,41-Melanerpes,
MVZCCGP_Mfo113-I_E12,MVZCCGP_Mfo113-I_E12_1,GCA_026170545.1,MVZCCGP_Mfo113-I_E12_R1.fastq.gz,MVZCCGP_Mfo113-I_E12_R2.fastq.gz,35.630099,-120.667816,41-Melanerpes,MVZCCGP_Mfo113-I_E12_1,41-Melanerpes,
MVZCCGP_Mfo113-I_E12,MVZCCGP_Mfo113-I_E12_3,GCA_026170545.1,MVZCCGP-Mfo113_S49_L004_R1_001.fastq.gz,MVZCCGP-Mfo113_S49_L004_R2_001.fastq.gz,35.630099,-120.667816,41-Melanerpes,MVZCCGP_Mfo113-I_E12_3,41-Melanerpes,
MVZCCGP_Mfo121-II_A02,MVZCCGP_Mfo121-II_A02_1,GCA_026170545.1,MVZCCGP_Mfo121-II_A02_R1.fastq.gz,MVZCCGP_Mfo121-II_A02_R2.fastq.gz,40.389103,-122.285522,41-Melanerpes,MVZCCGP_Mfo121-II_A02_1,41-Melanerpes,
MVZCCGP_Mfo155-II_H05,MVZCCGP_Mfo155-II_H05_1,GCA_026170545.1,MVZCCGP_Mfo155-II_H05_R1.fastq.gz,MVZCCGP_Mfo155-II_H05_R2.fastq.gz,38.35354,-121.051819,41-Melanerpes,MVZCCGP_Mfo155-II_H05_1,41-Melanerpes,
MVZCCGP_Mfo155-II_H05,MVZCCGP_Mfo155-II_H05_3,GCA_026170545.1,MVZCCGP-Mfo155_S87_L004_R1_001.fastq.gz,MVZCCGP-Mfo155_S87_L004_R2_001.fastq.gz,38.35354,-121.051819,41-Melanerpes,MVZCCGP_Mfo155-II_H05_3,41-Melanerpes,
MVZCCGP_Mfo2-I_B01,MVZCCGP_Mfo2-I_B01_1,GCA_026170545.1,MVZCCGP_Mfo2-I_B01_R1.fastq.gz,MVZCCGP_Mfo2-I_B01_R2.fastq.gz,37.6380597,-121.7719339,41-Melanerpes,MVZCCGP_Mfo2-I_B01_1,41-Melanerpes,
MVZCCGP_Mfo2-I_B01,MVZCCGP_Mfo2-I_B01_3,GCA_026170545.1,MVZCCGP-Mfo2_S127_L004_R1_001.fastq.gz,MVZCCGP-Mfo2_S127_L004_R2_001.fastq.gz,37.6380597,-121.7719339,41-Melanerpes,MVZCCGP_Mfo2-I_B01_3,41-Melanerpes,
MVZCCGP_Mfo17-I_C02,MVZCCGP_Mfo17-I_C02_1,GCA_026170545.1,MVZCCGP_Mfo17-I_C02_R1.fastq.gz,MVZCCGP_Mfo17-I_C02_R2.fastq.gz,40.29466,-122.17738,41-Melanerpes,MVZCCGP_Mfo17-I_C02_1,41-Melanerpes,
MVZCCGP_Mfo17-I_C02,MVZCCGP_Mfo17-I_C02_3,GCA_026170545.1,MVZCCGP-Mfo17_S118_L004_R1_001.fastq.gz,MVZCCGP-Mfo17_S118_L004_R2_001.fastq.gz,40.29466,-122.17738,41-Melanerpes,MVZCCGP_Mfo17-I_C02_3,41-Melanerpes,
MVZCCGP_Mfo17-I_C02,MVZCCGP_Mfo17-I_C02_5,GCA_026170545.1,AAGGACAC-CCACAACA_S129_L004_R1_001.fastq.gz,AAGGACAC-CCACAACA_S129_L004_R2_001.fastq.gz,40.29466,-122.17738,41-Melanerpes,MVZCCGP_Mfo17-I_C02_5,41-Melanerpes,
MVZCCGP_Mfo32-I_E03,MVZCCGP_Mfo32-I_E03_1,GCA_026170545.1,MVZCCGP_Mfo32-I_E03_R1.fastq.gz,MVZCCGP_Mfo32-I_E03_R2.fastq.gz,39.2298477,-122.8454185,41-Melanerpes,MVZCCGP_Mfo32-I_E03_1,41-Melanerpes,
MVZCCGP_Mfo32-I_E03,MVZCCGP_Mfo32-I_E03_3,GCA_026170545.1,MVZCCGP-Mfo32_S67_L004_R1_001.fastq.gz,MVZCCGP-Mfo32_S67_L004_R2_001.fastq.gz,39.2298477,-122.8454185,41-Melanerpes,MVZCCGP_Mfo32-I_E03_3,41-Melanerpes,
MVZCCGP_Mfo53-I_G05,MVZCCGP_Mfo53-I_G05_1,GCA_026170545.1,MVZCCGP_Mfo53-I_G05_R1.fastq.gz,MVZCCGP_Mfo53-I_G05_R2.fastq.gz,37.17243,-119.63353,41-Melanerpes,MVZCCGP_Mfo53-I_G05_1,41-Melanerpes,
MVZCCGP_Mfo53-I_G05,MVZCCGP_Mfo53-I_G05_3,GCA_026170545.1,MVZCCGP-Mfo53_S24_L004_R1_001.fastq.gz,MVZCCGP-Mfo53_S24_L004_R2_001.fastq.gz,37.17243,-119.63353,41-Melanerpes,MVZCCGP_Mfo53-I_G05_3,41-Melanerpes,
MVZCCGP_Mfo44-I_G04,MVZCCGP_Mfo44-I_G04_1,GCA_026170545.1,MVZCCGP_Mfo44-I_G04_R1.fastq.gz,MVZCCGP_Mfo44-I_G04_R2.fastq.gz,34.066834,-118.895521,41-Melanerpes,MVZCCGP_Mfo44-I_G04_1,41-Melanerpes,
MVZCCGP_Mfo44-I_G04,MVZCCGP_Mfo44-I_G04_3,GCA_026170545.1,MVZCCGP-Mfo44_S31_L004_R1_001.fastq.gz,MVZCCGP-Mfo44_S31_L004_R2_001.fastq.gz,34.066834,-118.895521,41-Melanerpes,MVZCCGP_Mfo44-I_G04_3,41-Melanerpes,
MVZCCGP_Mfo56-I_B06,MVZCCGP_Mfo56-I_B06_1,GCA_026170545.1,MVZCCGP_Mfo56-I_B06_R1.fastq.gz,MVZCCGP_Mfo56-I_B06_R2.fastq.gz,38.040035,-122.787088,41-Melanerpes,MVZCCGP_Mfo56-I_B06_1,41-Melanerpes,
MVZCCGP_Mfo56-I_B06,MVZCCGP_Mfo56-I_B06_3,GCA_026170545.1,MVZCCGP-Mfo56_S21_L004_R1_001.fastq.gz,MVZCCGP-Mfo56_S21_L004_R2_001.fastq.gz,38.040035,-122.787088,41-Melanerpes,MVZCCGP_Mfo56-I_B06_3,41-Melanerpes,
MVZCCGP_Mfo69-I_F07,MVZCCGP_Mfo69-I_F07_1,GCA_026170545.1,MVZCCGP_Mfo69-I_F07_R1.fastq.gz,MVZCCGP_Mfo69-I_F07_R2.fastq.gz,36.442196,-121.646028,41-Melanerpes,MVZCCGP_Mfo69-I_F07_1,41-Melanerpes,
MVZCCGP_Mfo69-I_F07,MVZCCGP_Mfo69-I_F07_3,GCA_026170545.1,MVZCCGP-Mfo69_S11_L004_R1_001.fastq.gz,MVZCCGP-Mfo69_S11_L004_R2_001.fastq.gz,36.442196,-121.646028,41-Melanerpes,MVZCCGP_Mfo69-I_F07_3,41-Melanerpes,
MVZCCGP_Mfo71-I_H07,MVZCCGP_Mfo71-I_H07_1,GCA_026170545.1,MVZCCGP_Mfo71-I_H07_R1.fastq.gz,MVZCCGP_Mfo71-I_H07_R2.fastq.gz,38.324808,-122.257198,41-Melanerpes,MVZCCGP_Mfo71-I_H07_1,41-Melanerpes,
MVZCCGP_Mfo71-I_H07,MVZCCGP_Mfo71-I_H07_3,GCA_026170545.1,MVZCCGP-Mfo71_S9_L004_R1_001.fastq.gz,MVZCCGP-Mfo71_S9_L004_R2_001.fastq.gz,38.324808,-122.257198,41-Melanerpes,MVZCCGP_Mfo71-I_H07_3,41-Melanerpes,
MVZCCGP_Mfo75-I_D08,MVZCCGP_Mfo75-I_D08_1,GCA_026170545.1,MVZCCGP_Mfo75-I_D08_R1.fastq.gz,MVZCCGP_Mfo75-I_D08_R2.fastq.gz,33.920024,-117.838704,41-Melanerpes,MVZCCGP_Mfo75-I_D08_1,41-Melanerpes,
MVZCCGP_Mfo75-I_D08,MVZCCGP_Mfo75-I_D08_3,GCA_026170545.1,MVZCCGP-Mfo75_S6_L004_R1_001.fastq.gz,MVZCCGP-Mfo75_S6_L004_R2_001.fastq.gz,33.920024,-117.838704,41-Melanerpes,MVZCCGP_Mfo75-I_D08_3,41-Melanerpes,
MVZCCGP_Mfo84-I_E09,MVZCCGP_Mfo84-I_E09_1,GCA_026170545.1,MVZCCGP_Mfo84-I_E09_R1.fastq.gz,MVZCCGP_Mfo84-I_E09_R2.fastq.gz,34.022,-116.893,41-Melanerpes,MVZCCGP_Mfo84-I_E09_1,41-Melanerpes,
MVZCCGP_Mfo84-I_E09,MVZCCGP_Mfo84-I_E09_3,GCA_026170545.1,MVZCCGP-Mfo84_S79_L004_R1_001.fastq.gz,MVZCCGP-Mfo84_S79_L004_R2_001.fastq.gz,34.022,-116.893,41-Melanerpes,MVZCCGP_Mfo84-I_E09_3,41-Melanerpes,
MVZCCGP_Mfo137-II_H03,MVZCCGP_Mfo137-II_H03_1,GCA_026170545.1,MVZCCGP_Mfo137-II_H03_R1.fastq.gz,MVZCCGP_Mfo137-II_H03_R2.fastq.gz,40.3522682,-121.8846298,41-Melanerpes,MVZCCGP_Mfo137-II_H03_1,41-Melanerpes,
MVZCCGP_Mfo154-II_G05,MVZCCGP_Mfo154-II_G05_1,GCA_026170545.1,MVZCCGP_Mfo154-II_G05_R1.fastq.gz,MVZCCGP_Mfo154-II_G05_R2.fastq.gz,39.38955,-123.40761,41-Melanerpes,MVZCCGP_Mfo154-II_G05_1,41-Melanerpes,
MVZCCGP_Mfo82-I_C09,MVZCCGP_Mfo82-I_C09_1,GCA_026170545.1,MVZCCGP_Mfo82-I_C09_R1.fastq.gz,MVZCCGP_Mfo82-I_C09_R2.fastq.gz,33.815,-116.739,41-Melanerpes,MVZCCGP_Mfo82-I_C09_1,41-Melanerpes,
MVZCCGP_Mfo82-I_C09,MVZCCGP_Mfo82-I_C09_3,GCA_026170545.1,MVZCCGP-Mfo82_S81_L004_R1_001.fastq.gz,MVZCCGP-Mfo82_S81_L004_R2_001.fastq.gz,33.815,-116.739,41-Melanerpes,MVZCCGP_Mfo82-I_C09_3,41-Melanerpes,
MVZCCGP_Mfo94-I_F10,MVZCCGP_Mfo94-I_F10_1,GCA_026170545.1,MVZCCGP_Mfo94-I_F10_R1.fastq.gz,MVZCCGP_Mfo94-I_F10_R2.fastq.gz,32.8526245,-117.1376038,41-Melanerpes,MVZCCGP_Mfo94-I_F10_1,41-Melanerpes,
MVZCCGP_Mfo94-I_F10,MVZCCGP_Mfo94-I_F10_3,GCA_026170545.1,MVZCCGP-Mfo94_S71_L004_R1_001.fastq.gz,MVZCCGP-Mfo94_S71_L004_R2_001.fastq.gz,32.8526245,-117.1376038,41-Melanerpes,MVZCCGP_Mfo94-I_F10_3,41-Melanerpes,
MVZCCGP_Mfo92-I_D10,MVZCCGP_Mfo92-I_D10_1,GCA_026170545.1,MVZCCGP_Mfo92-I_D10_R1.fastq.gz,MVZCCGP_Mfo92-I_D10_R2.fastq.gz,32.643262,-116.77873,41-Melanerpes,MVZCCGP_Mfo92-I_D10_1,41-Melanerpes,
MVZCCGP_Mfo92-I_D10,MVZCCGP_Mfo92-I_D10_3,GCA_026170545.1,MVZCCGP-Mfo92_S73_L004_R1_001.fastq.gz,MVZCCGP-Mfo92_S73_L004_R2_001.fastq.gz,32.643262,-116.77873,41-Melanerpes,MVZCCGP_Mfo92-I_D10_3,41-Melanerpes,
MVZCCGP_Mfo133-II_D03,MVZCCGP_Mfo133-II_D03_1,GCA_026170545.1,MVZCCGP_Mfo133-II_D03_R1.fastq.gz,MVZCCGP_Mfo133-II_D03_R2.fastq.gz,38.44,-122.59,41-Melanerpes,MVZCCGP_Mfo133-II_D03_1,41-Melanerpes,
MVZCCGP_Mfo133-II_D03,MVZCCGP_Mfo133-II_D03_3,GCA_026170545.1,MVZCCGP-Mfo133_S105_L004_R1_001.fastq.gz,MVZCCGP-Mfo133_S105_L004_R2_001.fastq.gz,38.44,-122.59,41-Melanerpes,MVZCCGP_Mfo133-II_D03_3,41-Melanerpes,
MVZCCGP_Mfo38-I_A04,MVZCCGP_Mfo38-I_A04_1,GCA_026170545.1,MVZCCGP_Mfo38-I_A04_R1.fastq.gz,MVZCCGP_Mfo38-I_A04_R2.fastq.gz,34.157315,-118.734087,41-Melanerpes,MVZCCGP_Mfo38-I_A04_1,41-Melanerpes,
MVZCCGP_Mfo38-I_A04,MVZCCGP_Mfo38-I_A04_3,GCA_026170545.1,MVZCCGP-Mfo38_S36_L004_R1_001.fastq.gz,MVZCCGP-Mfo38_S36_L004_R2_001.fastq.gz,34.157315,-118.734087,41-Melanerpes,MVZCCGP_Mfo38-I_A04_3,41-Melanerpes,
MVZCCGP_Mfo48-I_C05,MVZCCGP_Mfo48-I_C05_1,GCA_026170545.1,MVZCCGP_Mfo48-I_C05_R1.fastq.gz,MVZCCGP_Mfo48-I_C05_R2.fastq.gz,34.144497,-118.130051,41-Melanerpes,MVZCCGP_Mfo48-I_C05_1,41-Melanerpes,
MVZCCGP_Mfo73-I_B08,MVZCCGP_Mfo73-I_B08_1,GCA_026170545.1,MVZCCGP_Mfo73-I_B08_R1.fastq.gz,MVZCCGP_Mfo73-I_B08_R2.fastq.gz,39.287032,-121.194462,41-Melanerpes,MVZCCGP_Mfo73-I_B08_1,41-Melanerpes,
MVZCCGP_Mfo73-I_B08,MVZCCGP_Mfo73-I_B08_3,GCA_026170545.1,MVZCCGP-Mfo73_S7_L004_R1_001.fastq.gz,MVZCCGP-Mfo73_S7_L004_R2_001.fastq.gz,39.287032,-121.194462,41-Melanerpes,MVZCCGP_Mfo73-I_B08_3,41-Melanerpes,
MVZCCGP_Mfo79-I_H08,MVZCCGP_Mfo79-I_H08_1,GCA_026170545.1,MVZCCGP_Mfo79-I_H08_R1.fastq.gz,MVZCCGP_Mfo79-I_H08_R2.fastq.gz,33.55206,-117.32712,41-Melanerpes,MVZCCGP_Mfo79-I_H08_1,41-Melanerpes,
MVZCCGP_Mfo79-I_H08,MVZCCGP_Mfo79-I_H08_3,GCA_026170545.1,MVZCCGP-Mfo79_S2_L004_R1_001.fastq.gz,MVZCCGP-Mfo79_S2_L004_R2_001.fastq.gz,33.55206,-117.32712,41-Melanerpes,MVZCCGP_Mfo79-I_H08_3,41-Melanerpes,
MVZCCGP_Mfo89-I_B10,MVZCCGP_Mfo89-I_B10_1,GCA_026170545.1,MVZCCGP_Mfo89-I_B10_R1.fastq.gz,MVZCCGP_Mfo89-I_B10_R2.fastq.gz,34.2657,-117.1699,41-Melanerpes,MVZCCGP_Mfo89-I_B10_1,41-Melanerpes,
MVZCCGP_Mfo89-I_B10,MVZCCGP_Mfo89-I_B10_3,GCA_026170545.1,MVZCCGP-Mfo89_S75_L004_R1_001.fastq.gz,MVZCCGP-Mfo89_S75_L004_R2_001.fastq.gz,34.2657,-117.1699,41-Melanerpes,MVZCCGP_Mfo89-I_B10_3,41-Melanerpes,
MVZCCGP_Mfo96-I_H10,MVZCCGP_Mfo96-I_H10_1,GCA_026170545.1,MVZCCGP_Mfo96-I_H10_R1.fastq.gz,MVZCCGP_Mfo96-I_H10_R2.fastq.gz,33.0178638,-116.8375776,41-Melanerpes,MVZCCGP_Mfo96-I_H10_1,41-Melanerpes,
MVZCCGP_Mfo96-I_H10,MVZCCGP_Mfo96-I_H10_3,GCA_026170545.1,MVZCCGP-Mfo96_S62_L004_R1_001.fastq.gz,MVZCCGP-Mfo96_S62_L004_R2_001.fastq.gz,33.0178638,-116.8375776,41-Melanerpes,MVZCCGP_Mfo96-I_H10_3,41-Melanerpes,
MVZCCGP_Mfo83-I_D09,MVZCCGP_Mfo83-I_D09_1,GCA_026170545.1,MVZCCGP_Mfo83-I_D09_R1.fastq.gz,MVZCCGP_Mfo83-I_D09_R2.fastq.gz,34.243,-117.287,41-Melanerpes,MVZCCGP_Mfo83-I_D09_1,41-Melanerpes,
MVZCCGP_Mfo83-I_D09,MVZCCGP_Mfo83-I_D09_3,GCA_026170545.1,MVZCCGP-Mfo83_S80_L004_R1_001.fastq.gz,MVZCCGP-Mfo83_S80_L004_R2_001.fastq.gz,34.243,-117.287,41-Melanerpes,MVZCCGP_Mfo83-I_D09_3,41-Melanerpes,
MVZCCGP_Mfo119-II_G01,MVZCCGP_Mfo119-II_G01_1,GCA_026170545.1,MVZCCGP_Mfo119-II_G01_R1.fastq.gz,MVZCCGP_Mfo119-II_G01_R2.fastq.gz,37.000489,-121.95574,41-Melanerpes,MVZCCGP_Mfo119-II_G01_1,41-Melanerpes,
MVZCCGP_Mfo119-II_G01,MVZCCGP_Mfo119-II_G01_3,GCA_026170545.1,MVZCCGP-Mfo119_S115_L004_R1_001.fastq.gz,MVZCCGP-Mfo119_S115_L004_R2_001.fastq.gz,37.000489,-121.95574,41-Melanerpes,MVZCCGP_Mfo119-II_G01_3,41-Melanerpes,
MVZCCGP_Mfo141-II_D04,MVZCCGP_Mfo141-II_D04_1,GCA_026170545.1,MVZCCGP_Mfo141-II_D04_R1.fastq.gz,MVZCCGP_Mfo141-II_D04_R2.fastq.gz,40.29466,-122.17738,41-Melanerpes,MVZCCGP_Mfo141-II_D04_1,41-Melanerpes,
MVZCCGP_Mfo141-II_D04,MVZCCGP_Mfo141-II_D04_3,GCA_026170545.1,MVZCCGP-Mfo141_S96_L004_R1_001.fastq.gz,MVZCCGP-Mfo141_S96_L004_R2_001.fastq.gz,40.29466,-122.17738,41-Melanerpes,MVZCCGP_Mfo141-II_D04_3,41-Melanerpes,
MVZCCGP_Mfo1-I_A01,MVZCCGP_Mfo1-I_A01_1,GCA_026170545.1,MVZCCGP_Mfo1-I_A01_R1.fastq.gz,MVZCCGP_Mfo1-I_A01_R2.fastq.gz,37.87248,-122.25047,41-Melanerpes,MVZCCGP_Mfo1-I_A01_1,41-Melanerpes,
MVZCCGP_Mfo1-I_A01,MVZCCGP_Mfo1-I_A01_3,GCA_026170545.1,MVZCCGP-Mfo1_S128_L004_R1_001.fastq.gz,MVZCCGP-Mfo1_S128_L004_R2_001.fastq.gz,37.87248,-122.25047,41-Melanerpes,MVZCCGP_Mfo1-I_A01_3,41-Melanerpes,
MVZCCGP_Mfo20-I_E02,MVZCCGP_Mfo20-I_E02_1,GCA_026170545.1,MVZCCGP_Mfo20-I_E02_R1.fastq.gz,MVZCCGP_Mfo20-I_E02_R2.fastq.gz,36.9693,-119.248,41-Melanerpes,MVZCCGP_Mfo20-I_E02_1,41-Melanerpes,
MVZCCGP_Mfo20-I_E02,MVZCCGP_Mfo20-I_E02_3,GCA_026170545.1,MVZCCGP-Mfo20_S102_L004_R1_001.fastq.gz,MVZCCGP-Mfo20_S102_L004_R2_001.fastq.gz,36.9693,-119.248,41-Melanerpes,MVZCCGP_Mfo20-I_E02_3,41-Melanerpes,
MVZCCGP_Mfo43-I_F04,MVZCCGP_Mfo43-I_F04_1,GCA_026170545.1,MVZCCGP_Mfo43-I_F04_R1.fastq.gz,MVZCCGP_Mfo43-I_F04_R2.fastq.gz,34.062082,-118.74219,41-Melanerpes,MVZCCGP_Mfo43-I_F04_1,41-Melanerpes,
MVZCCGP_Mfo59-I_E06,MVZCCGP_Mfo59-I_E06_1,GCA_026170545.1,MVZCCGP_Mfo59-I_E06_R1.fastq.gz,MVZCCGP_Mfo59-I_E06_R2.fastq.gz,38.001035,-122.757767,41-Melanerpes,MVZCCGP_Mfo59-I_E06_1,41-Melanerpes,
MVZCCGP_Mfo59-I_E06,MVZCCGP_Mfo59-I_E06_3,GCA_026170545.1,MVZCCGP-Mfo59_S19_L004_R1_001.fastq.gz,MVZCCGP-Mfo59_S19_L004_R2_001.fastq.gz,38.001035,-122.757767,41-Melanerpes,MVZCCGP_Mfo59-I_E06_3,41-Melanerpes,
MVZCCGP_Mfo74-I_C08,MVZCCGP_Mfo74-I_C08_1,GCA_026170545.1,MVZCCGP_Mfo74-I_C08_R1.fastq.gz,MVZCCGP_Mfo74-I_C08_R2.fastq.gz,39.131,-121.069,41-Melanerpes,MVZCCGP_Mfo74-I_C08_1,41-Melanerpes,
MVZCCGP_Mfo93-I_E10,MVZCCGP_Mfo93-I_E10_1,GCA_026170545.1,MVZCCGP_Mfo93-I_E10_R1.fastq.gz,MVZCCGP_Mfo93-I_E10_R2.fastq.gz,32.879443,-116.4188576,41-Melanerpes,MVZCCGP_Mfo93-I_E10_1,41-Melanerpes,
MVZCCGP_Mfo93-I_E10,MVZCCGP_Mfo93-I_E10_3,GCA_026170545.1,MVZCCGP-Mfo93_S72_L004_R1_001.fastq.gz,MVZCCGP-Mfo93_S72_L004_R2_001.fastq.gz,32.879443,-116.4188576,41-Melanerpes,MVZCCGP_Mfo93-I_E10_3,41-Melanerpes,
MVZCCGP_Mfo105-II_C01,MVZCCGP_Mfo105-II_C01_1,GCA_026170545.1,MVZCCGP_Mfo105-II_C01_R1.fastq.gz,MVZCCGP_Mfo105-II_C01_R2.fastq.gz,33.0649,-117.0016,41-Melanerpes,MVZCCGP_Mfo105-II_C01_1,41-Melanerpes,
MVZCCGP_Mfo129-II_A03,MVZCCGP_Mfo129-II_A03_1,GCA_026170545.1,MVZCCGP_Mfo129-II_A03_R1.fastq.gz,MVZCCGP_Mfo129-II_A03_R2.fastq.gz,41.78624,-122.66245,41-Melanerpes,MVZCCGP_Mfo129-II_A03_1,41-Melanerpes,
MVZCCGP_Mfo129-II_A03,MVZCCGP_Mfo129-II_A03_3,GCA_026170545.1,MVZCCGP-Mfo129_S107_L004_R1_001.fastq.gz,MVZCCGP-Mfo129_S107_L004_R2_001.fastq.gz,41.78624,-122.66245,41-Melanerpes,MVZCCGP_Mfo129-II_A03_3,41-Melanerpes,
MVZCCGP_Mfo135-II_F03,MVZCCGP_Mfo135-II_F03_1,GCA_026170545.1,MVZCCGP_Mfo135-II_F03_R1.fastq.gz,MVZCCGP_Mfo135-II_F03_R2.fastq.gz,38.33324167,-122.5796972,41-Melanerpes,MVZCCGP_Mfo135-II_F03_1,41-Melanerpes,
MVZCCGP_Mfo135-II_F03,MVZCCGP_Mfo135-II_F03_3,GCA_026170545.1,MVZCCGP-Mfo135_S103_L004_R1_001.fastq.gz,MVZCCGP-Mfo135_S103_L004_R2_001.fastq.gz,38.33324167,-122.5796972,41-Melanerpes,MVZCCGP_Mfo135-II_F03_3,41-Melanerpes,
MVZCCGP_Mfo148-II_A05,MVZCCGP_Mfo148-II_A05_1,GCA_026170545.1,MVZCCGP_Mfo148-II_A05_R1.fastq.gz,MVZCCGP_Mfo148-II_A05_R2.fastq.gz,38.544757,-121.729769,41-Melanerpes,MVZCCGP_Mfo148-II_A05_1,41-Melanerpes,
MVZCCGP_Mfo148-II_A05,MVZCCGP_Mfo148-II_A05_3,GCA_026170545.1,MVZCCGP-Mfo148_S92_L004_R1_001.fastq.gz,MVZCCGP-Mfo148_S92_L004_R2_001.fastq.gz,38.544757,-121.729769,41-Melanerpes,MVZCCGP_Mfo148-II_A05_3,41-Melanerpes,
MVZCCGP_Mfo152-II_E05,MVZCCGP_Mfo152-II_E05_1,GCA_026170545.1,MVZCCGP_Mfo152-II_E05_R1.fastq.gz,MVZCCGP_Mfo152-II_E05_R2.fastq.gz,38.737523,-120.70442,41-Melanerpes,MVZCCGP_Mfo152-II_E05_1,41-Melanerpes,
MVZCCGP_Mfo152-II_E05,MVZCCGP_Mfo152-II_E05_3,GCA_026170545.1,MVZCCGP-Mfo152_S88_L004_R1_001.fastq.gz,MVZCCGP-Mfo152_S88_L004_R2_001.fastq.gz,38.737523,-120.70442,41-Melanerpes,MVZCCGP_Mfo152-II_E05_3,41-Melanerpes,
MVZCCGP_Mfo169-II_F07,MVZCCGP_Mfo169-II_F07_1,GCA_026170545.1,MVZCCGP_Mfo169-II_F07_R1.fastq.gz,MVZCCGP_Mfo169-II_F07_R2.fastq.gz,40.77404,-122.34167,41-Melanerpes,MVZCCGP_Mfo169-II_F07_1,41-Melanerpes,
MVZCCGP_Mfo169-II_F07,MVZCCGP_Mfo169-II_F07_3,GCA_026170545.1,MVZCCGP-Mfo169_S37_L004_R1_001.fastq.gz,MVZCCGP-Mfo169_S37_L004_R2_001.fastq.gz,40.77404,-122.34167,41-Melanerpes,MVZCCGP_Mfo169-II_F07_3,41-Melanerpes,
MVZCCGP_Mfo9-I_F01,MVZCCGP_Mfo9-I_F01_1,GCA_026170545.1,MVZCCGP_Mfo9-I_F01_R1.fastq.gz,MVZCCGP_Mfo9-I_F01_R2.fastq.gz,38.13380051,-120.6367035,41-Melanerpes,MVZCCGP_Mfo9-I_F01_1,41-Melanerpes,
MVZCCGP_Mfo9-I_F01,MVZCCGP_Mfo9-I_F01_3,GCA_026170545.1,MVZCCGP-Mfo9_S123_L004_R1_001.fastq.gz,MVZCCGP-Mfo9_S123_L004_R2_001.fastq.gz,38.13380051,-120.6367035,41-Melanerpes,MVZCCGP_Mfo9-I_F01_3,41-Melanerpes,
MVZCCGP_Mfo46-I_A05,MVZCCGP_Mfo46-I_A05_1,GCA_026170545.1,MVZCCGP_Mfo46-I_A05_R1.fastq.gz,MVZCCGP_Mfo46-I_A05_R2.fastq.gz,34.110355,-117.813561,41-Melanerpes,MVZCCGP_Mfo46-I_A05_1,41-Melanerpes,
MVZCCGP_Mfo46-I_A05,MVZCCGP_Mfo46-I_A05_3,GCA_026170545.1,MVZCCGP-Mfo46_S29_L004_R1_001.fastq.gz,MVZCCGP-Mfo46_S29_L004_R2_001.fastq.gz,34.110355,-117.813561,41-Melanerpes,MVZCCGP_Mfo46-I_A05_3,41-Melanerpes,
MVZCCGP_Mfo49-I_D05,MVZCCGP_Mfo49-I_D05_1,GCA_026170545.1,MVZCCGP_Mfo49-I_D05_R1.fastq.gz,MVZCCGP_Mfo49-I_D05_R2.fastq.gz,33.965,-118.155,41-Melanerpes,MVZCCGP_Mfo49-I_D05_1,41-Melanerpes,
MVZCCGP_Mfo49-I_D05,MVZCCGP_Mfo49-I_D05_3,GCA_026170545.1,MVZCCGP-Mfo49_S27_L004_R1_001.fastq.gz,MVZCCGP-Mfo49_S27_L004_R2_001.fastq.gz,33.965,-118.155,41-Melanerpes,MVZCCGP_Mfo49-I_D05_3,41-Melanerpes,
MVZCCGP_Mfo61-I_G06,MVZCCGP_Mfo61-I_G06_1,GCA_026170545.1,MVZCCGP_Mfo61-I_G06_R1.fastq.gz,MVZCCGP_Mfo61-I_G06_R2.fastq.gz,37.675787,-120.159312,41-Melanerpes,MVZCCGP_Mfo61-I_G06_1,41-Melanerpes,
MVZCCGP_Mfo61-I_G06,MVZCCGP_Mfo61-I_G06_3,GCA_026170545.1,MVZCCGP-Mfo61_S17_L004_R1_001.fastq.gz,MVZCCGP-Mfo61_S17_L004_R2_001.fastq.gz,37.675787,-120.159312,41-Melanerpes,MVZCCGP_Mfo61-I_G06_3,41-Melanerpes,
MVZCCGP_Mfo91-I_C10,MVZCCGP_Mfo91-I_C10_1,GCA_026170545.1,MVZCCGP_Mfo91-I_C10_R1.fastq.gz,MVZCCGP_Mfo91-I_C10_R2.fastq.gz,32.8132,-116.8414,41-Melanerpes,MVZCCGP_Mfo91-I_C10_1,41-Melanerpes,
MVZCCGP_Mfo91-I_C10,MVZCCGP_Mfo91-I_C10_3,GCA_026170545.1,MVZCCGP-Mfo91_S74_L004_R1_001.fastq.gz,MVZCCGP-Mfo91_S74_L004_R2_001.fastq.gz,32.8132,-116.8414,41-Melanerpes,MVZCCGP_Mfo91-I_C10_3,41-Melanerpes,
MVZCCGP_Mfo117-I_H12,MVZCCGP_Mfo117-I_H12_1,GCA_026170545.1,MVZCCGP_Mfo117-I_H12_R1.fastq.gz,MVZCCGP_Mfo117-I_H12_R2.fastq.gz,37.38311,-121.74264,41-Melanerpes,MVZCCGP_Mfo117-I_H12_1,41-Melanerpes,
MVZCCGP_Mfo117-I_H12,MVZCCGP_Mfo117-I_H12_3,GCA_026170545.1,MVZCCGP-Mfo117_S46_L004_R1_001.fastq.gz,MVZCCGP-Mfo117_S46_L004_R2_001.fastq.gz,37.38311,-121.74264,41-Melanerpes,MVZCCGP_Mfo117-I_H12_3,41-Melanerpes,
MVZCCGP_Mfo127-II_G02,MVZCCGP_Mfo127-II_G02_1,GCA_026170545.1,MVZCCGP_Mfo127-II_G02_R1.fastq.gz,MVZCCGP_Mfo127-II_G02_R2.fastq.gz,40.456565,-121.86577,41-Melanerpes,MVZCCGP_Mfo127-II_G02_1,41-Melanerpes,
MVZCCGP_Mfo127-II_G02,MVZCCGP_Mfo127-II_G02_3,GCA_026170545.1,MVZCCGP-Mfo127_S109_L004_R1_001.fastq.gz,MVZCCGP-Mfo127_S109_L004_R2_001.fastq.gz,40.456565,-121.86577,41-Melanerpes,MVZCCGP_Mfo127-II_G02_3,41-Melanerpes,
MVZCCGP_Mfo147-II_H04,MVZCCGP_Mfo147-II_H04_1,GCA_026170545.1,MVZCCGP_Mfo147-II_H04_R1.fastq.gz,MVZCCGP_Mfo147-II_H04_R2.fastq.gz,38.75,-122.1504,41-Melanerpes,MVZCCGP_Mfo147-II_H04_1,41-Melanerpes,
MVZCCGP_Mfo147-II_H04,MVZCCGP_Mfo147-II_H04_3,GCA_026170545.1,MVZCCGP-Mfo147_S93_L004_R1_001.fastq.gz,MVZCCGP-Mfo147_S93_L004_R2_001.fastq.gz,38.75,-122.1504,41-Melanerpes,MVZCCGP_Mfo147-II_H04_3,41-Melanerpes,
MVZCCGP_Mfo157-II_B06,MVZCCGP_Mfo157-II_B06_1,GCA_026170545.1,MVZCCGP_Mfo157-II_B06_R1.fastq.gz,MVZCCGP_Mfo157-II_B06_R2.fastq.gz,36.36119,-120.85934,41-Melanerpes,MVZCCGP_Mfo157-II_B06_1,41-Melanerpes,
MVZCCGP_Mfo157-II_B06,MVZCCGP_Mfo157-II_B06_3,GCA_026170545.1,MVZCCGP-Mfo157_S85_L004_R1_001.fastq.gz,MVZCCGP-Mfo157_S85_L004_R2_001.fastq.gz,36.36119,-120.85934,41-Melanerpes,MVZCCGP_Mfo157-II_B06_3,41-Melanerpes,
MVZCCGP_Mfo168-II_E07,MVZCCGP_Mfo168-II_E07_1,GCA_026170545.1,MVZCCGP_Mfo168-II_E07_R1.fastq.gz,MVZCCGP_Mfo168-II_E07_R2.fastq.gz,40.77679,-122.34335,41-Melanerpes,MVZCCGP_Mfo168-II_E07_1,41-Melanerpes,
MVZCCGP_Mfo168-II_E07,MVZCCGP_Mfo168-II_E07_3,GCA_026170545.1,MVZCCGP-Mfo168_S38_L004_R1_001.fastq.gz,MVZCCGP-Mfo168_S38_L004_R2_001.fastq.gz,40.77679,-122.34335,41-Melanerpes,MVZCCGP_Mfo168-II_E07_3,41-Melanerpes,
MVZCCGP_Mfo10-I_G01,MVZCCGP_Mfo10-I_G01_1,GCA_026170545.1,MVZCCGP_Mfo10-I_G01_R1.fastq.gz,MVZCCGP_Mfo10-I_G01_R2.fastq.gz,38.3338611,-122.57139,41-Melanerpes,MVZCCGP_Mfo10-I_G01_1,41-Melanerpes,
MVZCCGP_Mfo10-I_G01,MVZCCGP_Mfo10-I_G01_3,GCA_026170545.1,MVZCCGP-Mfo10_S122_L004_R1_001.fastq.gz,MVZCCGP-Mfo10_S122_L004_R2_001.fastq.gz,38.3338611,-122.57139,41-Melanerpes,MVZCCGP_Mfo10-I_G01_3,41-Melanerpes,
MVZCCGP_Mfo14-I_A02,MVZCCGP_Mfo14-I_A02_1,GCA_026170545.1,MVZCCGP_Mfo14-I_A02_R1.fastq.gz,MVZCCGP_Mfo14-I_A02_R2.fastq.gz,37.95072,-122.109595,41-Melanerpes,MVZCCGP_Mfo14-I_A02_1,41-Melanerpes,
MVZCCGP_Mfo14-I_A02,MVZCCGP_Mfo14-I_A02_3,GCA_026170545.1,MVZCCGP-Mfo14_S120_L004_R1_001.fastq.gz,MVZCCGP-Mfo14_S120_L004_R2_001.fastq.gz,37.95072,-122.109595,41-Melanerpes,MVZCCGP_Mfo14-I_A02_3,41-Melanerpes,
MVZCCGP_Mfo50-I_E05,MVZCCGP_Mfo50-I_E05_1,GCA_026170545.1,MVZCCGP_Mfo50-I_E05_R1.fastq.gz,MVZCCGP_Mfo50-I_E05_R2.fastq.gz,34.122383,-118.133207,41-Melanerpes,MVZCCGP_Mfo50-I_E05_1,41-Melanerpes,
MVZCCGP_Mfo50-I_E05,MVZCCGP_Mfo50-I_E05_3,GCA_026170545.1,MVZCCGP-Mfo50_S26_L004_R1_001.fastq.gz,MVZCCGP-Mfo50_S26_L004_R2_001.fastq.gz,34.122383,-118.133207,41-Melanerpes,MVZCCGP_Mfo50-I_E05_3,41-Melanerpes,
MVZCCGP_Mfo55-I_A06,MVZCCGP_Mfo55-I_A06_1,GCA_026170545.1,MVZCCGP_Mfo55-I_A06_R1.fastq.gz,MVZCCGP_Mfo55-I_A06_R2.fastq.gz,37.90533,-122.69648,41-Melanerpes,MVZCCGP_Mfo55-I_A06_1,41-Melanerpes,
MVZCCGP_Mfo55-I_A06,MVZCCGP_Mfo55-I_A06_3,GCA_026170545.1,MVZCCGP-Mfo55_S22_L004_R1_001.fastq.gz,MVZCCGP-Mfo55_S22_L004_R2_001.fastq.gz,37.90533,-122.69648,41-Melanerpes,MVZCCGP_Mfo55-I_A06_3,41-Melanerpes,
MVZCCGP_Mfo106-I_A12,MVZCCGP_Mfo106-I_A12_1,GCA_026170545.1,MVZCCGP_Mfo106-I_A12_R1.fastq.gz,MVZCCGP_Mfo106-I_A12_R2.fastq.gz,32.7748,-116.8879,41-Melanerpes,MVZCCGP_Mfo106-I_A12_1,41-Melanerpes,
MVZCCGP_Mfo106-I_A12,MVZCCGP_Mfo106-I_A12_3,GCA_026170545.1,MVZCCGP-Mfo106_S53_L004_R1_001.fastq.gz,MVZCCGP-Mfo106_S53_L004_R2_001.fastq.gz,32.7748,-116.8879,41-Melanerpes,MVZCCGP_Mfo106-I_A12_3,41-Melanerpes,
MVZCCGP_Mfo124-II_D02,MVZCCGP_Mfo124-II_D02_1,GCA_026170545.1,MVZCCGP_Mfo124-II_D02_R1.fastq.gz,MVZCCGP_Mfo124-II_D02_R2.fastq.gz,40.389103,-122.285522,41-Melanerpes,MVZCCGP_Mfo124-II_D02_1,41-Melanerpes,
MVZCCGP_Mfo124-II_D02,MVZCCGP_Mfo124-II_D02_3,GCA_026170545.1,MVZCCGP-Mfo124_S112_L004_R1_001.fastq.gz,MVZCCGP-Mfo124_S112_L004_R2_001.fastq.gz,40.389103,-122.285522,41-Melanerpes,MVZCCGP_Mfo124-II_D02_3,41-Melanerpes,
MVZCCGP_Mfo126-II_F02,MVZCCGP_Mfo126-II_F02_1,GCA_026170545.1,MVZCCGP_Mfo126-II_F02_R1.fastq.gz,MVZCCGP_Mfo126-II_F02_R2.fastq.gz,40.506326,-121.961589,41-Melanerpes,MVZCCGP_Mfo126-II_F02_1,41-Melanerpes,
MVZCCGP_Mfo126-II_F02,MVZCCGP_Mfo126-II_F02_3,GCA_026170545.1,MVZCCGP-Mfo126_S110_L004_R1_001.fastq.gz,MVZCCGP-Mfo126_S110_L004_R2_001.fastq.gz,40.506326,-121.961589,41-Melanerpes,MVZCCGP_Mfo126-II_F02_3,41-Melanerpes,
MVZCCGP_Mfo136-II_G03,MVZCCGP_Mfo136-II_G03_1,GCA_026170545.1,MVZCCGP_Mfo136-II_G03_R1.fastq.gz,MVZCCGP_Mfo136-II_G03_R2.fastq.gz,40.3522682,-121.8846298,41-Melanerpes,MVZCCGP_Mfo136-II_G03_1,41-Melanerpes,
MVZCCGP_Mfo139-II_B04,MVZCCGP_Mfo139-II_B04_1,GCA_026170545.1,MVZCCGP_Mfo139-II_B04_R1.fastq.gz,MVZCCGP_Mfo139-II_B04_R2.fastq.gz,40.29262,-122.18125,41-Melanerpes,MVZCCGP_Mfo139-II_B04_1,41-Melanerpes,
MVZCCGP_Mfo139-II_B04,MVZCCGP_Mfo139-II_B04_3,GCA_026170545.1,MVZCCGP-Mfo139_S97_L004_R1_001.fastq.gz,MVZCCGP-Mfo139_S97_L004_R2_001.fastq.gz,40.29262,-122.18125,41-Melanerpes,MVZCCGP_Mfo139-II_B04_3,41-Melanerpes,
MVZCCGP_Mfo149-II_B05,MVZCCGP_Mfo149-II_B05_1,GCA_026170545.1,MVZCCGP_Mfo149-II_B05_R1.fastq.gz,MVZCCGP_Mfo149-II_B05_R2.fastq.gz,38.544757,-121.729769,41-Melanerpes,MVZCCGP_Mfo149-II_B05_1,41-Melanerpes,
MVZCCGP_Mfo149-II_B05,MVZCCGP_Mfo149-II_B05_3,GCA_026170545.1,MVZCCGP-Mfo149_S91_L004_R1_001.fastq.gz,MVZCCGP-Mfo149_S91_L004_R2_001.fastq.gz,38.544757,-121.729769,41-Melanerpes,MVZCCGP_Mfo149-II_B05_3,41-Melanerpes,
MVZCCGP_Mfo156-II_A06,MVZCCGP_Mfo156-II_A06_1,GCA_026170545.1,MVZCCGP_Mfo156-II_A06_R1.fastq.gz,MVZCCGP_Mfo156-II_A06_R2.fastq.gz,38.3412,-121.32558,41-Melanerpes,MVZCCGP_Mfo156-II_A06_1,41-Melanerpes,
MVZCCGP_Mfo156-II_A06,MVZCCGP_Mfo156-II_A06_3,GCA_026170545.1,MVZCCGP-Mfo156_S86_L004_R1_001.fastq.gz,MVZCCGP-Mfo156_S86_L004_R2_001.fastq.gz,38.3412,-121.32558,41-Melanerpes,MVZCCGP_Mfo156-II_A06_3,41-Melanerpes,
MVZCCGP_Mfo159-II_D06,MVZCCGP_Mfo159-II_D06_1,GCA_026170545.1,MVZCCGP_Mfo159-II_D06_R1.fastq.gz,MVZCCGP_Mfo159-II_D06_R2.fastq.gz,36.35791,-120.85292,41-Melanerpes,MVZCCGP_Mfo159-II_D06_1,41-Melanerpes,
MVZCCGP_Mfo159-II_D06,MVZCCGP_Mfo159-II_D06_3,GCA_026170545.1,MVZCCGP-Mfo159_S84_L004_R1_001.fastq.gz,MVZCCGP-Mfo159_S84_L004_R2_001.fastq.gz,36.35791,-120.85292,41-Melanerpes,MVZCCGP_Mfo159-II_D06_3,41-Melanerpes,
MVZCCGP_Mfo161-II_F06,MVZCCGP_Mfo161-II_F06_1,GCA_026170545.1,MVZCCGP_Mfo161-II_F06_R1.fastq.gz,MVZCCGP_Mfo161-II_F06_R2.fastq.gz,35.27542,-120.40488,41-Melanerpes,MVZCCGP_Mfo161-II_F06_1,41-Melanerpes,
MVZCCGP_Mfo161-II_F06,MVZCCGP_Mfo161-II_F06_3,GCA_026170545.1,MVZCCGP-Mfo161_S82_L004_R1_001.fastq.gz,MVZCCGP-Mfo161_S82_L004_R2_001.fastq.gz,35.27542,-120.40488,41-Melanerpes,MVZCCGP_Mfo161-II_F06_3,41-Melanerpes,
MVZCCGP_Mfo165-II_B07,MVZCCGP_Mfo165-II_B07_1,GCA_026170545.1,MVZCCGP_Mfo165-II_B07_R1.fastq.gz,MVZCCGP_Mfo165-II_B07_R2.fastq.gz,41.265749,-121.505527,41-Melanerpes,MVZCCGP_Mfo165-II_B07_1,41-Melanerpes,
MVZCCGP_Mfo163-II_H06,MVZCCGP_Mfo163-II_H06_1,GCA_026170545.1,MVZCCGP_Mfo163-II_H06_R1.fastq.gz,MVZCCGP_Mfo163-II_H06_R2.fastq.gz,34.53349,-120.0611,41-Melanerpes,MVZCCGP_Mfo163-II_H06_1,41-Melanerpes,
MVZCCGP_Mfo163-II_H06,MVZCCGP_Mfo163-II_H06_3,GCA_026170545.1,MVZCCGP-Mfo163_S41_L004_R1_001.fastq.gz,MVZCCGP-Mfo163_S41_L004_R2_001.fastq.gz,34.53349,-120.0611,41-Melanerpes,MVZCCGP_Mfo163-II_H06_3,41-Melanerpes,
